Workbook

Sheet K&L 지게차 Master list
F1: 지게차 보유 현황 List _ 2025. 04월 17일 현재
A3: No. | B3: K&L 등록 | C3: 제조 | D3: 동력 | E3: 종류 | F3: 장비 No | G3: 사업장 | H3: 계약처 | I3: 상태 | J3: 담당자 | K3: 배치장소 | L3: 배치No | M3: 운영 | N3: 규격 | O3: 톤수 | P3: 제작처 | Q3: 모델명 | R3: 차대번호 | S3: 년식 | T3: 가동 시간 | U3: 차량 등록 No. | V3: 보험 | W3: 보함사 | X3: 계약자 | Y3: 피보험자 | Z3: 자산처 | AA3: 자산 등록일 | AB3: 임대 시작일 | AC3: 임대료 | AD3: 차량가액
A4: 1 | B4: =MID(F4,8,3) -> 001 | C4: =MID(F4,1,1) -> C | D4: =MID(F4,3,1) -> B | E4: =MID(F4,2,1) -> F | F4: CFB30-0001 | G4: 범한_항성 | H4: 범한_항성 | I4: 임대 | J4: 고민서 | K4: 범한메카텍_항성 | L4: 항성-01 | M4: 주간 | N4: 좌식 | O4: 3.0T | P4: 클라크 | Q4: EPX30 | R4: EPX360 2302 9652 KF | S4: 39448 | T4: 23716 | V4: Y | W4: KB | X4: 케이앤엘 | Y4: (주)항성 | Z4: 케이앤엘 | AA4: 43313 | AB4: 45383 | AC4: 600000 | AD4: 18500000
A5: 2 | B5: =MID(F5,8,3) -> 002 | C5: =MID(F5,1,1) -> C | D5: =MID(F5,3,1) -> B | E5: =MID(F5,2,1) -> F | F5: CFB25-0002 | G5: 포엠플러스 | H5: 포엠플러스 | I5: 임대 | J5: 이승희 | L5: 포엠- 02 | M5: 주간 | N5: 좌식 | O5: 2.5T | P5: 클라크 | Q5: EPX25FL | R5: EPX360-0310-9959KF | S5: 42005 | T5: 0 | V5: N | Z5: 케이앤엘 | AA5: 43647 | AB5: 43647 | AC5: 500000 | AD5: 10000000
A6: 3 | B6: =MID(F6,8,3) -> 003 | C6: =MID(F6,1,1) -> D | D6: =MID(F6,3,1) -> O | E6: =MID(F6,2,1) -> F | F6: DFO30-0003 | G6: ZF삭스 | H6: 엘소 | I6: 임대 | J6: 이상용 | L6: ZF삭스-03 | M6: 주간 | N6: 좌식 | O6: 3.0T | P6: 두산 | Q6: D30SE-7 | R6: FDA0R-2340-06907 | S6: 43313 | T6: 0 | U6: 경남 04노 8341 | V6: Y | W6: KB | X6: 엘소 | Y6: ㈜엘소 | Z6: 엘소 | AA6: 43318 | AB6: 43318 | AC6: 776000 | AD6: 31490000
A7: 4 | B7: =MID(F7,8,3) -> 004 | C7: =MID(F7,1,1) -> D | D7: =MID(F7,3,1) -> O | E7: =MID(F7,2,1) -> F | F7: DFO30-0004 | G7: (주)대동 | H7: 청운 | I7: 임대 | J7: 이병대 | K7: 대구 달성공장 | L7: 대동-04 | M7: 주간 | N7: 좌식 | O7: 3.0T | P7: 두산 | Q7: D30S-7 | R7: FDA0W-2340-02154 | S7: 42955 | T7: 7815 | U7: 경남 04노 7874 | V7: Y | W7: KB | X7: 케이앤엘 | Y7: ㈜청운 | Z7: 케이앤엘 | AA7: 43831 | AB7: 45614 | AC7: 900000 | AD7: 20000000
A8: 5 | B8: =MID(F8,8,3) -> 005 | C8: =MID(F8,1,1) -> D | D8: =MID(F8,3,1) -> B | E8: =MID(F8,2,1) -> F | F8: DFB20-0005 | G8: ZF삭스 | H8: 엘소 | I8: 임대 | J8: 이상용 | L8: ZF삭스-05 | M8: 주간 | N8: 좌식 | O8: 2.0T | P8: 두산 | Q8: B20S-5 | R8: FBA07-1380-00856 | S8: 40909 | T8: 0 | V8: Y | W8: KB | X8: 엘소 | Y8: ㈜엘소 | Z8: 엘소 | AA8: 43831 | AB8: 43831 | AC8: 756600 | AD8: 18000000
A9: 6 | B9: =MID(F9,8,3) -> 006 | C9: =MID(F9,1,1) -> C | D9: =MID(F9,3,1) -> B | E9: =MID(F9,2,1) -> F | F9: CFB18-0006 | G9: 케이앤엘 | I9: 예비 | J9: 이승희 | K9: 지게차 창고 | L9: 예비-06 | M9: 주간 | N9: 좌식 | O9: 1.8T | P9: 클라크 | Q9: EPX18 | R9: EPX162-0965-9818KF | S9: 40909 | T9: 0 | V9: N | Z9: 케이앤엘 | AA9: 43831 | AB9: 45383 | AC9: 0 | AD9: 18000000
A10: 7 | B10: =MID(F10,8,3) -> 007 | C10: =MID(F10,1,1) -> D | D10: =MID(F10,3,1) -> B | E10: =MID(F10,2,1) -> F | F10: DFB20-0007 | G10: ZF삭스 | H10: 엘소 | I10: 임대 | J10: 이상용 | L10: ZF삭스-07 | M10: 주간 | N10: 좌식 | O10: 2.0T | P10: 두산 | Q10: B20S-5 | R10: FBA07-1910-01817 | S10: 42887 | T10: 0 | V10: Y | W10: KB | X10: 엘소 | Y10: ㈜엘소 | Z10: 엘소 | AA10: 43831 | AB10: 43831 | AC10: 756600 | AD10: 8500000
A11: 8 | B11: =MID(F11,8,3) -> 008 | C11: =MID(F11,1,1) -> C | D11: =MID(F11,3,1) -> B | E11: =MID(F11,2,1) -> F | F11: CFB18-0008 | G11: ZF삭스 | H11: 엘소 | I11: 임대 | J11: 이상용 | L11: ZF삭스-08 | M11: 주간 | N11: 좌식 | O11: 1.8T | P11: 클라크 | Q11: EPX18 | R11: EPX162-0962-9818KF | S11: 40909 | T11: 0 | V11: Y | W11: KB | X11: 엘소 | Y11: ㈜엘소 | Z11: 엘소 | AA11: 43831 | AB11: 43831 | AC11: 756600 | AD11: 8500000
A12: 9 | B12: =MID(F12,8,3) -> 009 | C12: =MID(F12,1,1) -> D | D12: =MID(F12,3,1) -> O | E12: =MID(F12,2,1) -> F | F12: DFO30-0009 | G12: ZF삭스 | H12: 엘소 | I12: 임대 | J12: 이상용 | L12: ZF삭스-09 | M12: 주간 | N12: 좌식 | O12: 3.0T | P12: 두산 | Q12: D30S-7 | R12: FDA0W-2340-02155 | S12: 42887 | T12: 0 | U12: 경남 04노 7875 | V12: Y | W12: KB | X12: 엘소 | Y12: ㈜엘소 | Z12: 엘소 | AA12: 43831 | AB12: 43831 | AC12: 747000 | AD12: 10500000
A13: 10 | B13: =MID(F13,8,3) -> 010 | C13: =MID(F13,1,1) -> D | D13: =MID(F13,3,1) -> O | E13: =MID(F13,2,1) -> F | F13: DFO30-0010 | G13: 디와이파워 | H13: 디와이파워 | I13: 임대 | J13: 이승희 | K13: 디와이파워 | L13: 2Y-3 | M13: 주간 | N13: 좌식 | O13: 3.0T | P13: 두산 | Q13: D30S-7 | R13: FDA0W-2340-02156 | S13: 42887 | T13: 0 | U13: 경남 04노 7876 | V13: Y | W13: KB | X13: 케이앤엘 | Y13: ㈜케이앤엘 | Z13: 케이앤엘 | AA13: 43831 | AB13: 45108 | AC13: 600000 | AD13: 17000000
A14: 11 | B14: =MID(F14,8,3) -> 011 | C14: =MID(F14,1,1) -> D | D14: =MID(F14,3,1) -> B | E14: =MID(F14,2,1) -> F | F14: DFB18-0011 | G14: ZF삭스 | H14: 엘소 | I14: 임대 | J14: 이상용 | L14: ZF삭스-11 | M14: 주간 | N14: 입식 | O14: 1.8T | P14: 두산 | Q14: BR18S-9 | R14: FRA0T-1380-00458 | S14: 44470 | T14: 0 | V14: Y | W14: KB | X14: 엘소 | Y14: (주)제트에프삭스코 | Z14: 엘소 | AA14: 44490 | AB14: 44490 | AC14: 670000 | AD14: 23500000
A15: 12 | B15: =MID(F15,8,3) -> 012 | C15: =MID(F15,1,1) -> D | D15: =MID(F15,3,1) -> O | E15: =MID(F15,2,1) -> F | F15: DFO30-0012 | G15: 디와이파워 | H15: 디와이파워 | I15: 임대 | J15: 이승희 | K15: 디와이파워-2공장 | L15: 2Y-4 | M15: 주간 | N15: 좌식 | O15: 3.0T | P15: 두산 | Q15: D30S-5 | R15: FDA06-1000-11364 | S15: 40544 | T15: 0 | U15: 경남 04노5178 | V15: Y | W15: KB | X15: 케이앤엘 | Y15: 케이앤엘 | Z15: 케이앤엘 | AA15: 42552 | AB15: 45108 | AC15: 650000 | AD15: 10000000
A16: 13 | B16: =MID(F16,8,3) -> 013 | C16: =MID(F16,1,1) -> C | D16: =MID(F16,3,1) -> B | E16: =MID(F16,2,1) -> F | F16: CFB18-0013 | G16: ZF삭스 | H16: 엘소 | I16: 임대 | J16: 이상용 | L16: ZF삭스-13 | M16: 주간 | N16: 좌식 | O16: 1.8T | P16: 클라크 | Q16: EPX18FL | R16: EPX162-1035-9958KT | S16: 42887 | T16: 0 | V16: Y | W16: KB | X16: 엘소 | Y16: ㈜엘소 | Z16: 엘소 | AA16: 43831 | AB16: 43831 | AC16: 776000 | AD16: 11000000
A17: 14 | B17: =MID(F17,8,3) -> 014 | C17: =MID(F17,1,1) -> C | D17: =MID(F17,3,1) -> B | E17: =MID(F17,2,1) -> F | F17: CFB18-0014 | G17: ZF삭스 | H17: 엘소 | I17: 임대 | J17: 이상용 | K17: ZF삭스 | L17: ZF삭스-14 | M17: 주간 | N17: 좌식 | O17: 1.8T | P17: 클라크 | Q17: EPX16 | R17: EPX162-0340-9651KF | S17: 39083 | T17: 0 | V17: Y | W17: KB | X17: 엘소 | Y17: ㈜엘소 | Z17: 엘소 | AA17: 43831 | AB17: 45383 | AC17: 756600 | AD17: 5000000
A18: 15 | B18: =MID(F18,8,3) -> 015 | C18: =MID(F18,1,1) -> C | D18: =MID(F18,3,1) -> B | E18: =MID(F18,2,1) -> F | F18: CFB20-0015 | G18: ZF삭스 | H18: 엘소 | I18: 임대 | J18: 이상용 | L18: ZF삭스-15 | M18: 주간 | N18: 좌식 | O18: 2.0T | P18: 클라크 | Q18: EPX20SFL | R18: EPX162-3113-9958KF | S18: 44378 | T18: 0 | V18: Y | W18: KB | X18: 엘소 | Y18: (주)엘소 | Z18: 엘소 | AA18: 44409 | AB18: 44409 | AC18: 776000 | AD18: 28000000
A19: 16 | B19: =MID(F19,8,3) -> 016 | C19: =MID(F19,1,1) -> C | D19: =MID(F19,3,1) -> B | E19: =MID(F19,2,1) -> F | F19: CFB18-0016 | G19: 베스텍 | H19: 베스텍 | I19: 임대 | J19: 고민서 | K19: 베스텍 | L19: 베스텍-16 | M19: 주간 | N19: 입식 | O19: 1.8T | P19: 클라크 | Q19: CRX18FL | R19: CRX148-0797-9956KF | S19: 42736 | T19: 0 | V19: N | Z19: 케이앤엘 | AA19: 42736 | AB19: 45597 | AC19: 450000 | AD19: 18600000
A20: 17 | B20: =MID(F20,8,3) -> 017 | C20: =MID(F20,1,1) -> C | D20: =MID(F20,3,1) -> B | E20: =MID(F20,2,1) -> F | F20: CFB18-0017 | G20: ZF삭스 | H20: 엘소 | I20: 임대 | J20: 이상용 | L20: ZF삭스-17 | M20: 주간 | N20: 입식 | O20: 1.8T | P20: 클라크 | Q20: CRX18FL | R20: CRX148-0948-9956KF | S20: 42795 | T20: 0 | V20: Y | W20: KB | X20: 엘소 | Y20: (주)엘소 | Z20: 엘소 | AA20: 42795 | AB20: 42795 | AC20: 582000 | AD20: 12920000
A21: 18 | B21: =MID(F21,8,3) -> 018 | C21: =MID(F21,1,1) -> C | D21: =MID(F21,3,1) -> B | E21: =MID(F21,2,1) -> F | F21: CFB18-0018 | G21: ZF삭스 | H21: 엘소 | I21: 임대 | J21: 이상용 | L21: ZF삭스-18 | M21: 주간 | N21: 입식 | O21: 1.8T | P21: 클라크 | Q21: CRX18FL | R21: CRX148-2936-9956KF | S21: 44228 | T21: 0 | V21: Y | W21: KB | X21: 엘소 | Y21: (주)다윈즈 | Z21: 엘소 | AA21: 44243 | AB21: 44243 | AC21: 630000 | AD21: 8500000
A22: 19 | B22: =MID(F22,8,3) -> 019 | C22: =MID(F22,1,1) -> C | D22: =MID(F22,3,1) -> B | E22: =MID(F22,2,1) -> F | F22: CFB18-0019 | G22: 케이앤엘 | I22: 예비 | J22: 이승희 | K22: 지게차 창고 | L22: 예비-19 | M22: 주간 | N22: 좌식 | O22: 1.8T | P22: 클라크 | Q22: EPX18 | R22: EPX162-0967-9818KF | S22: 40909 | T22: 0 | V22: N | Z22: 케이앤엘 | AA22: 44013 | AB22: 45413 | AC22: 0 | AD22: 8500000
A23: 20 | B23: =MID(F23,8,3) -> 020 | C23: =MID(F23,1,1) -> C | D23: =MID(F23,3,1) -> B | E23: =MID(F23,2,1) -> T | F23: CTB40-0020 | G23: ZF삭스 | H23: 엘소 | I23: 임대 | J23: 이상용 | L23: ZF삭스-20 | M23: 주간 | N23: 견인 | O23: 4.0T | P23: 클라크 | R23: CTX470-0439-9812KF | S23: 42064 | T23: 0 | V23: N | Z23: 엘소 | AA23: 42095 | AB23: 42095 | AC23: 388000 | AD23: 19200000
A24: 21 | B24: =MID(F24,8,3) -> 021 | C24: =MID(F24,1,1) -> C | D24: =MID(F24,3,1) -> B | E24: =MID(F24,2,1) -> T | F24: CTB40-0021 | G24: ZF삭스 | H24: 엘소 | I24: 임대 | J24: 이상용 | L24: ZF삭스-21 | M24: 주간 | N24: 견인 | O24: 4.0T | P24: 클라크 | R24: CTX470-0902-9812KF | S24: 44105 | T24: 0 | V24: N | Z24: 엘소 | AA24: 44105 | AB24: 44105 | AC24: 400000 | AD24: 28000000
A25: 22 | B25: =MID(F25,8,3) -> 022 | C25: =MID(F25,1,1) -> T | D25: =MID(F25,3,1) -> B | E25: =MID(F25,2,1) -> F | F25: TFB25-0022 | G25: 대신 마산공장 | H25: 대신 마산공장 | I25: 임대 | J25: 이승희 | K25: 1공장-1층(용해) | L25: 대신-마산-22 | M25: 주간 | N25: 좌식 | O25: 2.5T | P25: 도요다 | R25: 7FB25-49549 V3 | S25: 41275 | T25: 0 | V25: N | Z25: 케이앤엘 | AA25: 43282 | AB25: 43282 | AC25: 500000 | AD25: 19800000
A26: 23 | B26: =MID(F26,8,3) -> 023 | C26: =MID(F26,1,1) -> T | D26: =MID(F26,3,1) -> B | E26: =MID(F26,2,1) -> F | F26: TFB15-0023 | G26: 대신 마산공장 | H26: 대신 마산공장 | I26: 임대 | J26: 이승희 | K26: 1공장-1층 | L26: 대신-마산-23 | M26: 주간 | N26: 입식 | O26: 1.5T | P26: 도요다 | R26: 7FBR15-21135 | S26: 38718 | T26: 0 | V26: N | Z26: 케이앤엘 | AA26: 43282 | AB26: 43282 | AC26: 350000 | AD26: 4421000
A27: 24 | B27: =MID(F27,8,3) -> 024 | C27: =MID(F27,1,1) -> T | D27: =MID(F27,3,1) -> B | E27: =MID(F27,2,1) -> F | F27: TFB25-0024 | G27: 신흥철재코리아 주식회사 | I27: 매각 | J27: 고민서 | K27: 폐기 | L27: 폐기 | M27: 주간 | N27: 좌식 | O27: 2.5T | P27: 도요다 | R27: 7FB25-49792 V3 | S27: 41275 | T27: 0 | V27: N | Z27: 케이앤엘 | AA27: 43282 | AB27: 45909 | AC27: 0 | AD27: 19700000
A28: 25 | B28: =MID(F28,8,3) -> 025 | C28: =MID(F28,1,1) -> T | D28: =MID(F28,3,1) -> B | E28: =MID(F28,2,1) -> F | F28: TFB10-0025 | G28: 대신 마산공장 | H28: 대신 마산공장 | I28: 임대 | J28: 이승희 | K28: 1공장-3층 | L28: 대신-마산-25 | M28: 주간 | N28: 입식 | O28: 1.0T | P28: 도요다 | R28: 7FBRK9-11473 V2.5 | S28: 38718 | T28: 0 | V28: N | Z28: 케이앤엘 | AA28: 43282 | AB28: 43282 | AC28: 350000 | AD28: 3300000
A29: 26 | B29: =MID(F29,8,3) -> 026 | C29: =MID(F29,1,1) -> C | D29: =MID(F29,3,1) -> B | E29: =MID(F29,2,1) -> F | F29: CFB30-0026 | G29: 대신 마산공장 | H29: 대신 마산공장 | I29: 임대 | J29: 이승희 | K29: 2공장-열처리 | L29: 대신-마산-26 | M29: 주간 | N29: 좌식 | O29: 3.0T | P29: 클라크 | Q29: EPX30 | R29: EPX360-7069-9652KF | S29: 41640 | T29: 0 | V29: N | Z29: 케이앤엘 | AA29: 43282 | AB29: 43282 | AC29: 700000 | AD29: 32920000
A30: 27 | B30: =MID(F30,8,3) -> 027 | C30: =MID(F30,1,1) -> T | D30: =MID(F30,3,1) -> B | E30: =MID(F30,2,1) -> F | F30: TFB15-0027 | G30: 대신 마산공장 | H30: 대신 마산공장 | I30: 임대 | J30: 이승희 | K30: 2공장-앨리슨 | L30: 대신-마산-27 | M30: 주간 | N30: 입식 | O30: 1.5T | P30: 도요다 | R30: 7FBR15-54621 V3 | S30: 41275 | T30: 0 | V30: N | Z30: 케이앤엘 | AA30: 43282 | AB30: 43282 | AC30: 350000 | AD30: 6900000
A31: 28 | B31: =MID(F31,8,3) -> 028 | C31: =MID(F31,1,1) -> C | D31: =MID(F31,3,1) -> B | E31: =MID(F31,2,1) -> F | F31: CFB18-0028 | G31: 대동기어 | H31: 엘소 | I31: 임대 | J31: 김한경 | K31: 2공장 | L31: 대동기어-28 | M31: 주간 | N31: 입식 | O31: 1.8T | P31: 클라크 | Q31: CRX18 | R31: CRX148-3262-9658KF | S31: 42005 | T31: 0 | V31: Y | W31: KB | X31: 케이앤엘 | Y31: 대동기어 | Z31: 케이앤엘 | AA31: 43282 | AB31: 45748 | AC31: 442000 | AD31: 4121000
A32: 29 | B32: =MID(F32,8,3) -> 029 | C32: =MID(F32,1,1) -> T | D32: =MID(F32,3,1) -> B | E32: =MID(F32,2,1) -> F | F32: TFB10-0029 | G32: 대신 마산공장 | H32: 대신 마산공장 | I32: 임대 | J32: 이승희 | K32: 1공장-2층 | L32: 대신-마산-29 | M32: 주간 | N32: 입식 | O32: 1.0T | P32: 도요다 | R32: 7F3RK10 | S32: 38353 | T32: 0 | V32: N | Z32: 케이앤엘 | AA32: 43556 | AB32: 43556 | AC32: 350000 | AD32: 3500000
A33: 30 | B33: =MID(F33,8,3) -> 030 | C33: =MID(F33,1,1) -> T | D33: =MID(F33,3,1) -> B | E33: =MID(F33,2,1) -> F | F33: TFB18-0030 | G33: 디에스아이 | H33: 디에스아이 | I33: 임대 | J33: 이승희 | K33: D반 | L33: 대신-DSI-30 | M33: 주간 | N33: 입식 | O33: 1.8T | P33: 도요다 | R33: 7FBR18-50359 V3 | S33: 40909 | T33: 0 | V33: N | Z33: 케이앤엘 | AA33: 43282 | AB33: 43282 | AC33: 350000 | AD33: 8400000
A34: 31 | B34: =MID(F34,8,3) -> 031 | C34: =MID(F34,1,1) -> T | D34: =MID(F34,3,1) -> B | E34: =MID(F34,2,1) -> F | F34: TFB10-0031 | G34: 디에스아이 | H34: 디에스아이 | I34: 임대 | J34: 이승희 | K34: S반(탬핑) | L34: 대신-DSI-31 | M34: 주간 | N34: 입식 | O34: 1.0T | P34: 도요다 | R34: 7FBRK10-10552 V3 | S34: 37622 | T34: 0 | V34: N | Z34: 케이앤엘 | AA34: 43282 | AB34: 43282 | AC34: 350000 | AD34: 3221000
A35: 32 | B35: =MID(F35,8,3) -> 032 | C35: =MID(F35,1,1) -> T | D35: =MID(F35,3,1) -> B | E35: =MID(F35,2,1) -> F | F35: TFB25-0032 | G35: 디에스아이 | H35: 디에스아이 | I35: 임대 | J35: 이승희 | K35: 1층 | L35: 대신-DSI-32 | M35: 주간 | N35: 좌식 | O35: 2.5T | P35: 도요다 | R35: 7FB25-49399 V3 | S35: 40909 | T35: 0 | V35: N | Z35: 케이앤엘 | AA35: 43282 | AB35: 43282 | AC35: 500000 | AD35: 17700000
A36: 33 | B36: =MID(F36,8,3) -> 033 | C36: =MID(F36,1,1) -> T | D36: =MID(F36,3,1) -> B | E36: =MID(F36,2,1) -> F | F36: TFB15-0033 | G36: 디에스아이 | H36: 디에스아이 | I36: 임대 | J36: 이승희 | K36: 1층 | L36: 대신-DSI-33 | M36: 주간 | N36: 입식 | O36: 1.5T | P36: 도요다 | R36: 7FBRK10-50142 V3 | S36: 41275 | T36: 0 | V36: N | Z36: 케이앤엘 | AA36: 43282 | AB36: 43282 | AC36: 350000 | AD36: 4321000
A37: 34 | B37: =MID(F37,8,3) -> 034 | C37: =MID(F37,1,1) -> E | D37: =MID(F37,3,1) -> B | E37: =MID(F37,2,1) -> F | F37: EFB18-0034 | G37: 디에스아이 | H37: 디에스아이 | I37: 임대 | J37: 이승희 | K37: 1층 | L37: 대신-DSI-34 | M37: 주간 | N37: 입식 | O37: 1.8T | P37: TCM | R37: FR18-7-82P01858 V3 | S37: 39448 | T37: 0 | V37: N | Z37: 케이앤엘 | AA37: 43282 | AB37: 43282 | AC37: 350000 | AD37: 5957000
A38: 35 | B38: =MID(F38,8,3) -> 035 | C38: =MID(F38,1,1) -> T | D38: =MID(F38,3,1) -> B | E38: =MID(F38,2,1) -> F | F38: TFB15-0035 | G38: 디에스아이 | H38: 디에스아이 | I38: 임대 | J38: 이승희 | K38: 2층 | L38: 대신-DSI-35 | M38: 주간 | N38: 입식 | O38: 1.5T | P38: 도요다 | R38: 7FBR15-14430 V3 | S38: 37622 | T38: 0 | V38: N | Z38: 케이앤엘 | AA38: 43282 | AB38: 43282 | AC38: 350000 | AD38: 3500000
A39: 36 | B39: =MID(F39,8,3) -> 036 | C39: =MID(F39,1,1) -> T | D39: =MID(F39,3,1) -> B | E39: =MID(F39,2,1) -> F | F39: TFB25-0036 | G39: (주)알맥 | H39: (주)알맥 | I39: 임대 | J39: 이승희 | K39: 압출5호 | L39: 경남금속-36 | M39: 주간 | N39: 좌식 | O39: 2.5T | P39: 도요다 | Q39: 7FB25 | R39: 7FB25-49347 V3 | S39: 40909 | T39: 0 | V39: N | Z39: 케이앤엘 | AA39: 43282 | AB39: 43282 | AC39: 484000 | AD39: 21020000
A40: 37 | B40: =MID(F40,8,3) -> 037 | C40: =MID(F40,1,1) -> T | D40: =MID(F40,3,1) -> B | E40: =MID(F40,2,1) -> F | F40: TFB25-0037 | G40: (주)알맥 | H40: (주)알맥 | I40: 임대 | J40: 이승희 | K40: 압출2,3호 | L40: 경남금속-37 | M40: 주간 | N40: 좌식 | O40: 2.5T | P40: 도요다 | Q40: 7FB25 | R40: 7FB25-49525 V3 | S40: 41275 | T40: 0 | V40: N | Z40: 케이앤엘 | AA40: 43282 | AB40: 43282 | AC40: 489000 | AD40: 18700000
A41: 38 | B41: =MID(F41,8,3) -> 038 | C41: =MID(F41,1,1) -> T | D41: =MID(F41,3,1) -> B | E41: =MID(F41,2,1) -> F | F41: TFB15-0038 | G41: (주)알맥 | H41: (주)알맥 | I41: 임대 | J41: 이승희 | K41: 수정반 | L41: 경남금속-38 | M41: 주간 | N41: 좌식 | O41: 1.5T | P41: 도요다 | Q41: 7FBL15 | R41: 7FBL15-21543 V3 | S41: 40544 | T41: 0 | V41: N | Z41: 케이앤엘 | AA41: 43282 | AB41: 43282 | AC41: 360000 | AD41: 12870000
A42: 39 | B42: =MID(F42,8,3) -> 039 | C42: =MID(F42,1,1) -> C | D42: =MID(F42,3,1) -> B | E42: =MID(F42,2,1) -> F | F42: CFB30-0039 | G42: (주)알맥 | H42: (주)알맥 | I42: 임대 | J42: 이승희 | K42: 자재창고 | L42: 경남금속-39 | M42: 주간 | N42: 좌식 | O42: 3.0T | P42: 클라크 | Q42: EPX30 | R42: EPX360-0886-9837CNF | S42: 43282 | T42: 0 | V42: N | Z42: 케이앤엘 | AA42: 43282 | AB42: 43282 | AC42: 646000 | AD42: 26450000
A43: 40 | B43: =MID(F43,8,3) -> 040 | C43: =MID(F43,1,1) -> T | D43: =MID(F43,3,1) -> B | E43: =MID(F43,2,1) -> F | F43: TFB25-0040 | G43: (주)알맥 | H43: (주)알맥 | I43: 임대 | J43: 이승희 | K43: 용체 | L43: 경남금속-40 | M43: 주간 | N43: 좌식 | O43: 2.5T | P43: 도요다 | Q43: 7FB25 | R43: 7FB25-29587 V3 | S43: 38718 | T43: 0 | V43: N | Z43: 케이앤엘 | AA43: 43282 | AB43: 43282 | AC43: 450000 | AD43: 14020000
A44: 41 | B44: =MID(F44,8,3) -> 041 | C44: =MID(F44,1,1) -> C | D44: =MID(F44,3,1) -> B | E44: =MID(F44,2,1) -> F | F44: CFB30-0041 | G44: (주)알맥 | H44: (주)알맥 | I44: 임대 | J44: 이승희 | K44: 출하 | L44: 경남금속-41 | M44: 주간 | N44: 좌식 | O44: 3.0T | P44: 클라크 | R44: EPX360-0885-9837CNF | S44: 43282 | T44: 0 | V44: N | Z44: 케이앤엘 | AA44: 43282 | AB44: 43282 | AC44: 646000 | AD44: 26450000
A45: 42 | B45: =MID(F45,8,3) -> 042 | C45: =MID(F45,1,1) -> T | D45: =MID(F45,3,1) -> B | E45: =MID(F45,2,1) -> F | F45: TFB25-0042 | G45: 대신 마산공장 | H45: 대신 마산공장 | I45: 임대 | J45: 이승희 | K45: 1공장-1층 | L45: 대신-마산-42 | M45: 주간 | N45: 좌식 | O45: 2.5T | P45: 도요다 | Q45: 7FB25 | R45: 7FB25-35402 F3 | S45: 39448 | T45: 0 | V45: N | Z45: 케이앤엘 | AA45: 43282 | AB45: 45623 | AC45: 500000 | AD45: 16400000
A46: 43 | B46: =MID(F46,8,3) -> 043 | C46: =MID(F46,1,1) -> T | D46: =MID(F46,3,1) -> B | E46: =MID(F46,2,1) -> F | F46: TFB25-0043 | G46: (주)알맥 | H46: (주)알맥 | I46: 임대 | J46: 이승희 | K46: 피막 | L46: 경남금속-43 | M46: 주간 | N46: 좌식 | O46: 2.5T | P46: 도요다 | R46: 7FB25-43165 V3 | S46: 40179 | T46: 0 | V46: N | Z46: 케이앤엘 | AA46: 43282 | AB46: 43282 | AC46: 484000 | AD46: 17700000
A47: 44 | B47: =MID(F47,8,3) -> 044 | C47: =MID(F47,1,1) -> T | D47: =MID(F47,3,1) -> B | E47: =MID(F47,2,1) -> F | F47: TFB25-0044 | G47: 승산팩 | H47: 케이앤엘 | I47: 임대 | J47: 고민서 | K47: 승산팩 | L47: 승산팩-44 | M47: 주간 | N47: 좌식 | O47: 2.5T | P47: 도요다 | Q47: 7FB25 | R47: 7FB25-52118 V3 | S47: 41640 | T47: 0 | V47: N | Z47: 케이앤엘 | AA47: 43282 | AB47: 45962 | AC47: 560000 | AD47: 19920000
A48: 45 | B48: =MID(F48,8,3) -> 045 | C48: =MID(F48,1,1) -> T | D48: =MID(F48,3,1) -> B | E48: =MID(F48,2,1) -> F | F48: TFB15-0045 | G48: (주)알맥 | H48: (주)알맥 | I48: 임대 | J48: 이승희 | K48: 모노프레임 | L48: 경남금속-45 | M48: 주간 | N48: 좌식 | O48: 1.5T | P48: 도요다 | R48: 7FB15-57363 V3 | S48: 40909 | T48: 0 | V48: N | Z48: 케이앤엘 | AA48: 43282 | AB48: 43282 | AC48: 500000 | AD48: 12660000
A49: 46 | B49: =MID(F49,8,3) -> 046 | C49: =MID(F49,1,1) -> T | D49: =MID(F49,3,1) -> B | E49: =MID(F49,2,1) -> F | F49: TFB15-0046 | G49: 대신 창원공장 | H49: 대신 창원공장 | I49: 임대 | J49: 이승희 | K49: 대신 창원공장 | L49: 대신-창원-46 | M49: 2교대 | N49: 입식 | O49: 1.5T | P49: 도요다 | R49: 7FBR15-50942 V3.5 | S49: 40909 | T49: 0 | V49: N | Z49: 케이앤엘 | AA49: 43282 | AB49: 45666 | AC49: 550000 | AD49: 6721000
A50: 47 | B50: =MID(F50,8,3) -> 047 | C50: =MID(F50,1,1) -> H | D50: =MID(F50,3,1) -> O | E50: =MID(F50,2,1) -> F | F50: HFO40-0047 | G50: (주)알맥 | H50: (주)알맥 | I50: 임대 | J50: 이승희 | L50: 경남금속-47 | M50: 주간 | N50: 좌식 | O50: 4.0T | P50: 현대 | Q50: 40DE | R50: HHIHFV14JB0000086 | S50: 40544 | T50: 0 | U50: 경남04노5137 | V50: N | Z50: 케이앤엘 | AA50: 43344 | AB50: 43344 | AC50: 751000 | AD50: 18500000
A51: 48 | B51: =MID(F51,8,3) -> 048 | C51: =MID(F51,1,1) -> E | D51: =MID(F51,3,1) -> B | E51: =MID(F51,2,1) -> F | F51: EFB15-0048 | G51: (주)알맥 | H51: (주)알맥 | I51: 임대 | J51: 이승희 | K51: 표준화공장 | L51: 경남금속-48 | M51: 주간 | N51: 입식 | O51: 1.5T | P51: KOMATSU | R51: FB15RS-12-90816 V3 | S51: 38718 | T51: 0 | V51: N | Z51: 케이앤엘 | AA51: 43364 | AB51: 43364 | AC51: 360000 | AD51: 6167000
A52: 49 | B52: =MID(F52,8,3) -> 049 | C52: =MID(F52,1,1) -> E | D52: =MID(F52,3,1) -> B | E52: =MID(F52,2,1) -> F | F52: EFB15-0049 | G52: 덴소울산공장 | H52: 코스 | I52: 임대 | J52: 고민서 | K52: 울산 | L52: 울산창고-49 | M52: 주간 | N52: 좌식 | O52: 1.5T | P52: KOMATSU | R52: FB15EX-11-811004 V3 | S52: 38353 | T52: 0 | V52: Y | W52: KB | X52: 케이앤엘 | Y52: (주)코스 | Z52: 케이앤엘 | AA52: 43426 | AB52: 45108 | AC52: 560000 | AD52: 9270000
A53: 50 | B53: =MID(F53,8,3) -> 050 | C53: =MID(F53,1,1) -> C | D53: =MID(F53,3,1) -> B | E53: =MID(F53,2,1) -> F | F53: CFB25-0050 | G53: (주)알맥 | H53: (주)알맥 | I53: 임대 | J53: 이승희 | L53: 경남금속-50 | M53: 주간 | N53: 좌식 | O53: 2.5T | P53: 클라크 | Q53: EPX25Q | R53: EPX360-0685-9837CNF | S53: 43070 | T53: 0 | V53: N | Z53: 케이앤엘 | AA53: 43282 | AB53: 43282 | AC53: 458000 | AD53: 22500000
A54: 51 | B54: =MID(F54,8,3) -> 051 | C54: =MID(F54,1,1) -> T | D54: =MID(F54,3,1) -> B | E54: =MID(F54,2,1) -> F | F54: TFB15-0051 | G54: 케이앤엘 | I54: 예비 | J54: 이승희 | K54: 지게차 창고 | L54: 예비-51 | M54: 주간 | N54: 좌식 | O54: 1.5T | P54: 도요다 | R54: 7FBL15-13468 V3 FM | S54: 37622 | T54: 0 | V54: N | Z54: 케이앤엘 | AA54: 43617 | AB54: 45778 | AC54: 0 | AD54: 10830000
A55: 52 | B55: =MID(F55,8,3) -> 052 | C55: =MID(F55,1,1) -> C | D55: =MID(F55,3,1) -> O | E55: =MID(F55,2,1) -> F | F55: CFO30-0052 | G55: 대신 창원공장 | H55: 대신 창원공장 | I55: 임대 | J55: 이승희 | L55: 대신-창원-52 | M55: 주간 | N55: 좌식 | O55: 3.0T | P55: 클라크 | Q55: GTS30KD | R55: GTS232D-0161-9996KF | S55: 43282 | T55: 0 | U55: 04노8262 | V55: N | Z55: 케이앤엘 | AA55: 43282 | AB55: 43282 | AC55: 900000 | AD55: 29490000
A56: 53 | B56: =MID(F56,8,3) -> 053 | C56: =MID(F56,1,1) -> C | D56: =MID(F56,3,1) -> O | E56: =MID(F56,2,1) -> F | F56: CFO30-0053 | G56: 대신 창원공장 | H56: 대신 창원공장 | I56: 임대 | J56: 이승희 | L56: 대신-창원-53 | M56: 주간 | N56: 좌식 | O56: 3.0T | P56: 클라크 | Q56: GTS30KD | R56: GTS232D-0163-9996KF | S56: 43282 | T56: 0 | U56: 04노8260 | V56: N | Z56: 케이앤엘 | AA56: 43282 | AB56: 43282 | AC56: 900000 | AD56: 27360000
A57: 54 | B57: =MID(F57,8,3) -> 054 | C57: =MID(F57,1,1) -> C | D57: =MID(F57,3,1) -> O | E57: =MID(F57,2,1) -> F | F57: CFO30-0054 | G57: 대신 창원공장 | H57: 대신 창원공장 | I57: 임대 | J57: 이승희 | L57: 대신-창원-54 | M57: 주간 | N57: 좌식 | O57: 3.0T | P57: 클라크 | Q57: GTS30KD | R57: GTS232D-0164-9996KF | S57: 43282 | T57: 0 | U57: 04노8261 | V57: N | Z57: 케이앤엘 | AA57: 43282 | AB57: 43282 | AC57: 900000 | AD57: 27360000
A58: 55 | B58: =MID(F58,8,3) -> 055 | C58: =MID(F58,1,1) -> C | D58: =MID(F58,3,1) -> O | E58: =MID(F58,2,1) -> F | F58: CFO30-0055 | G58: 케이앤엘 | I58: 예비 | J58: 이승희 | K58: 지게차창고 | L58: 예비-55 | M58: 주간 | N58: 좌식 | O58: 3.0T | P58: 클라크 | Q58: GTS30KD | R58: GTS232D-0162-9996KF | S58: 43282 | T58: 0 | U58: 04노8263 | V58: N | Z58: 케이앤엘 | AA58: 43282 | AB58: 46119 | AC58: 0 | AD58: 27850000
A59: 56 | B59: =MID(F59,8,3) -> 056 | C59: =MID(F59,1,1) -> D | D59: =MID(F59,3,1) -> O | E59: =MID(F59,2,1) -> F | F59: DFO50-0056 | G59: 볼보_시험팀 | H59: 볼보_시험팀 | I59: 임대 | J59: 고민서 | K59: 볼보 합천 시험팀 | L59: 시험-56 | M59: 주간 | N59: 좌식 | O59: 5.0T | P59: 두산 | Q59: D50SE-7 | R59: FDB13-1930-00386 | S59: 43586 | T59: 199 | U59: 04노8555 | V59: N | Z59: 케이앤엘 | AA59: 43585 | AB59: 46054 | AC59: 950000 | AD59: 49315000
A60: 57 | B60: =MID(F60,8,3) -> 057 | C60: =MID(F60,1,1) -> D | D60: =MID(F60,3,1) -> O | E60: =MID(F60,2,1) -> F | F60: DFOA6-0057 | G60: 대한제강 | H60: 청운로지스 | I60: 임대 | J60: 이승희 | K60: 녹산공장 | L60: 대한제강-57 | M60: 주간 | N60: 좌식 | O60: 16T | P60: 두산 | Q60: D160S-7 | R60: FDC0B-2290-00084 | S60: 42528 | T60: 0 | U60: 경남04노8784 | V60: N | Z60: 청운로지스 | AA60: 43831 | AB60: 43831 | AC60: 4000000 | AD60: 72975000
A61: 58 | B61: =MID(F61,8,3) -> 058 | C61: =MID(F61,1,1) -> D | D61: =MID(F61,3,1) -> O | E61: =MID(F61,2,1) -> F | F61: DFOA6-0058 | G61: 미래중기(주) | I61: 매각 | J61: 고민서 | K61: 매각 | L61: 매각 | M61: 주간 | N61: 좌식 | O61: 16T | P61: 두산 | Q61: D160S-5PLUS | R61: FDC04-1650-00057 | S61: 40707 | T61: 0 | U61: 경남04노8789 | V61: N | Z61: 청운로지스 | AA61: 43831 | AB61: 45992 | AC61: 0 | AD61: 55675000
A62: 59 | B62: =MID(F62,8,3) -> 059 | C62: =MID(F62,1,1) -> D | D62: =MID(F62,3,1) -> O | E62: =MID(F62,2,1) -> F | F62: DFOA6-0059 | G62: 케이앤엘 | I62: 대체 | J62: 이승희 | K62: 녹산공장-예비 | L62: 예비-59 | M62: 주간 | N62: 좌식 | O62: 16T | P62: 두산 | Q62: D160S-7 | R62: FDC0B-2290-00085 | S62: 42528 | T62: 0 | U62: 경남04노8785 | V62: N | Z62: 청운로지스 | AA62: 43831 | AB62: 45962 | AC62: 0 | AD62: 72975000
A63: 60 | B63: =MID(F63,8,3) -> 060 | C63: =MID(F63,1,1) -> D | D63: =MID(F63,3,1) -> O | E63: =MID(F63,2,1) -> F | F63: DFOA6-0060 | G63: 김해건기 | I63: 매각 | J63: 고광민 | K63: 매각 | L63: 매각 | M63: 주간 | N63: 좌식 | O63: 16T | P63: 두산 | Q63: D160S-5 | R63: D160S5-00622 | S63: 40074 | T63: 0 | U63: 경남04노8790 | V63: N | Z63: 청운로지스 | AA63: 43831 | AB63: 45059 | AC63: 0 | AD63: 42175000
A64: 61 | B64: =MID(F64,8,3) -> 061 | C64: =MID(F64,1,1) -> D | D64: =MID(F64,3,1) -> O | E64: =MID(F64,2,1) -> F | F64: DFOA6-0061 | G64: 두산산업차량 | I64: 매각 | J64: 고광민 | K64: 매각 | L64: 매각 | M64: 주간 | N64: 좌식 | O64: 16T | P64: 두산 | Q64: D160S-5 | R64: D160S5-00664 | S64: 40150 | T64: 0 | U64: 경남04노8791 | V64: N | Z64: 청운로지스 | AA64: 43831 | AB64: 45637 | AC64: 0 | AD64: 42175000
A65: 62 | B65: =MID(F65,8,3) -> 062 | C65: =MID(F65,1,1) -> H | D65: =MID(F65,3,1) -> O | E65: =MID(F65,2,1) -> F | F65: HFOA6-0062 | G65: 김해건기 | I65: 매각 | J65: 고광민 | K65: 매각 | L65: 매각 | M65: 주간 | N65: 좌식 | O65: 16T | P65: 현대 | Q65: 160D | R65: FT0410084 | S65: 39591 | T65: 0 | U65: 경남04노8788 | V65: N | Z65: 청운로지스 | AA65: 43831 | AB65: 44887 | AC65: 0 | AD65: 29675000
A66: 63 | B66: =MID(F66,8,3) -> 063 | C66: =MID(F66,1,1) -> D | D66: =MID(F66,3,1) -> O | E66: =MID(F66,2,1) -> F | F66: DFO70-0063 | G66: 대한제강 | H66: 청운로지스 | I66: 임대 | J66: 이승희 | K66: 신평공장 | L66: 대한제강-63 | M66: 주간 | N66: 좌식 | O66: 7.0T | P66: 두산 | Q66: D70S-7 | R66: FDB0V-2340-01607 | S66: 42528 | T66: 0 | U66: 경남04노8786 | V66: N | Z66: 청운로지스 | AA66: 43831 | AB66: 43831 | AC66: 1700000 | AD66: 42175000
A67: 64 | B67: =MID(F67,8,3) -> 064 | C67: =MID(F67,1,1) -> D | D67: =MID(F67,3,1) -> O | E67: =MID(F67,2,1) -> F | F67: DFO70-0064 | G67: 대한제강 | H67: 청운로지스 | I67: 임대 | J67: 이승희 | K67: 녹산공장 | L67: 대한제강-64 | M67: 주간 | N67: 좌식 | O67: 7.0T | P67: 두산 | Q67: D70S-7 | R67: FDB0V-2340-01614 | S67: 42528 | T67: 0 | U67: 경남04노8787 | V67: N | Z67: 청운로지스 | AA67: 43831 | AB67: 43831 | AC67: 1700000 | AD67: 42175000
A68: 65 | B68: =MID(F68,8,3) -> 065 | C68: =MID(F68,1,1) -> T | D68: =MID(F68,3,1) -> B | E68: =MID(F68,2,1) -> F | F68: TFB15-0065 | G68: 베스텍 | H68: 베스텍 | I68: 임대 | J68: 고민서 | K68: 밀양공장 | L68: 베스텍-65 | M68: 주간 | N68: 좌식 | O68: 1.5T | P68: 도요다 | Q68: 7FBR15 | R68: 7FBR15-53832 | S68: 41275 | T68: 0 | V68: N | Z68: 케이앤엘 | AA68: 43486 | AB68: 43486 | AC68: 500000 | AD68: 8007000
A69: 66 | B69: =MID(F69,8,3) -> 066 | C69: =MID(F69,1,1) -> D | D69: =MID(F69,3,1) -> B | E69: =MID(F69,2,1) -> F | F69: DFB30-0066 | G69: 베스텍 | H69: 베스텍 | I69: 임대 | J69: 고민서 | K69: 밀양공장 | L69: 베스텍-66 | M69: 주간 | N69: 좌식 | O69: 3.0T | P69: 두산 | Q69: B30S-5 | R69: B30S5-0137 | S69: 40179 | T69: 0 | V69: Y | W69: 한화 | X69: 케이앤엘 | Y69: ㈜케이앤엘,㈜베스텍 | Z69: 케이앤엘 | AA69: 43313 | AB69: 43313 | AC69: 650000 | AD69: 15500000
A70: 67 | B70: =MID(F70,8,3) -> 067 | C70: =MID(F70,1,1) -> E | D70: =MID(F70,3,1) -> B | E70: =MID(F70,2,1) -> O | F70: EOB00-0067 | G70: 베스텍 | H70: 베스텍 | I70: 임대 | J70: 고민서 | K70: 밀양공장 | L70: 베스텍-67 | M70: 주간 | N70: 청소차 | O70: 미정 | P70: TASKI | Q70: swingo 4000 | R70: 7518-6630-10312 | S70: 44044 | T70: 0 | V70: N | Z70: 케이앤엘 | AA70: 44044 | AB70: 44044 | AC70: 800000 | AD70: 12000000
A71: 68 | B71: =MID(F71,8,3) -> 068 | C71: =MID(F71,1,1) -> D | D71: =MID(F71,3,1) -> B | E71: =MID(F71,2,1) -> F | F71: DFB25-0068 | G71: 비앤스틸라 | H71: 코스 | I71: 임대 | J71: 이승희 | L71: 비앤스틸라-68 | M71: 주간 | N71: 입식 | O71: 2.5T | P71: 두산 | Q71: BR25S-9 | R71: FRA0V-1380-00391 | S71: 44348 | T71: 0 | V71: N | Z71: 케이앤엘 | AA71: 44348 | AB71: 44348 | AC71: 600000 | AD71: 23850000
A72: 69 | B72: =MID(F72,8,3) -> 069 | C72: =MID(F72,1,1) -> D | D72: =MID(F72,3,1) -> B | E72: =MID(F72,2,1) -> F | F72: DFB30-0069 | G72: 비앤스틸라 | H72: 코스 | I72: 임대 | J72: 이승희 | L72: 비앤스틸라-69 | M72: 주간 | N72: 좌식 | O72: 3.0T | P72: 두산 | Q72: B30NS | R72: FBA48-3690-000461 | S72: 44348 | T72: 0 | V72: N | Z72: 케이앤엘 | AA72: 44348 | AB72: 44348 | AC72: 837760 | AD72: 25200000
A73: 70 | B73: =MID(F73,8,3) -> 070 | C73: =MID(F73,1,1) -> D | D73: =MID(F73,3,1) -> B | E73: =MID(F73,2,1) -> F | F73: DFB30-0070 | G73: 비앤스틸라 | H73: 코스 | I73: 임대 | J73: 이승희 | L73: 비앤스틸라-70 | M73: 주간 | N73: 좌식 | O73: 3.0T | P73: 두산 | Q73: B30NS | R73: FBA48-3690-000322 | S73: 44348 | T73: 0 | V73: N | Z73: 케이앤엘 | AA73: 44348 | AB73: 44348 | AC73: 837760 | AD73: 25200000
A74: 71 | B74: =MID(F74,8,3) -> 071 | C74: =MID(F74,1,1) -> D | D74: =MID(F74,3,1) -> O | E74: =MID(F74,2,1) -> F | F74: DFO33-0071 | G74: 비앤스틸라 | H74: 코스 | I74: 임대 | J74: 이승희 | L74: 비앤스틸라-71 | M74: 주간 | N74: 좌식 | O74: 3.3T | P74: 두산 | Q74: D33SE-7 | R74: FDA0S-2340-02518 | S74: 44348 | T74: 0 | U74: 경남04도5313 | V74: Y | W74: KB | X74: 케이앤엘 | Y74: 비엔스텔라㈜녹산공장 | Z74: 케이앤엘 | AA74: 44348 | AB74: 44348 | AC74: 906900 | AD74: 36250000
A75: 72 | B75: =MID(F75,8,3) -> 072 | C75: =MID(F75,1,1) -> T | D75: =MID(F75,3,1) -> B | E75: =MID(F75,2,1) -> F | F75: TFB18-0072 | G75: 산호피엔엘 | H75: 산호피엔엘 | I75: 임대 | J75: 이승희 | L75: 산호수출포장-72 | M75: 주간 | N75: 입식 | O75: 1.8T | P75: 도요다 | R75: 7FBR18-50696 V3 | S75: 41275 | T75: 0 | V75: N | Z75: 케이앤엘 | AA75: 43617 | AB75: 43617 | AC75: 600000 | AD75: 8307000
A76: 73 | B76: =MID(F76,8,3) -> 073 | C76: =MID(F76,1,1) -> C | D76: =MID(F76,3,1) -> O | E76: =MID(F76,2,1) -> F | F76: CFO25-0073 | G76: 볼보 | H76: 코스 | I76: 임대 | J76: 최수진 | K76: 물류개선,장비관리 | L76: 가공-73 | M76: 주간 | N76: 좌식 | O76: 2.5T | P76: 클라크 | Q76: S25D | R76: S232D-0547-10005KF | S76: 43466 | T76: 0 | U76: 04노8502 | V76: Y | W76: KB | X76: 케이앤엘 | Y76: (주)코스 | Z76: 케이앤엘 | AA76: 43524 | AB76: 45839 | AC76: 800000 | AD76: 29700000
A77: 74 | B77: =MID(F77,8,3) -> 074 | C77: =MID(F77,1,1) -> C | D77: =MID(F77,3,1) -> B | E77: =MID(F77,2,1) -> F | F77: CFB25-0074 | G77: 승산팩 | H77: 케이앤엘 | I77: 임대 | J77: 고민서 | K77: 승산팩 | L77: 승산팩-74 | M77: 주간 | N77: 좌식 | O77: 2.5T | P77: 클라크 | R77: EPX360FL 46919959KF | S77: 44406 | T77: 0 | V77: N | Z77: 케이앤엘 | AA77: 44408 | AB77: 45962 | AC77: 560000 | AD77: 31500000
A78: 75 | B78: =MID(F78,8,3) -> 075 | C78: =MID(F78,1,1) -> C | D78: =MID(F78,3,1) -> O | E78: =MID(F78,2,1) -> F | F78: CFO35-0075 | G78: 케이앤엘 | I78: 예비 | J78: 이승희 | K78: 지게차 창고 | L78: 예비-75 | M78: 주간 | N78: 좌식 | O78: 3.5T | P78: 클라크 | Q78: FX353D-2 | R78: CMP450D-1691-9588KF | S78: 39448 | T78: 0 | U78: 04고7626 | V78: N | Z78: 케이앤엘 | AA78: 43344 | AB78: 45444 | AC78: 0 | AD78: 9830710
A79: 76 | B79: =MID(F79,8,3) -> 076 | C79: =MID(F79,1,1) -> C | D79: =MID(F79,3,1) -> O | E79: =MID(F79,2,1) -> F | F79: CFO45-0076 | G79: 산호피엔엘 | H79: 산호피엔엘 | I79: 임대 | J79: 이승희 | L79: 산호수출포장-76 | M79: 주간 | N79: 좌식 | O79: 4.5T | P79: 클라크 | Q79: C45KD | R79: P455D-0216-9964KF | S79: 43313 | T79: 0 | U79: 04노8358 | V79: Y | W79: KB | X79: 케이앤엘 | Y79: 산호피엔엘 | Z79: 케이앤엘 | AA79: 43344 | AB79: 43344 | AC79: 1080000 | AD79: 44000000
A80: 77 | B80: =MID(F80,8,3) -> 077 | C80: =MID(F80,1,1) -> C | D80: =MID(F80,3,1) -> O | E80: =MID(F80,2,1) -> F | F80: CFO80-0077 | G80: 산호피엔엘 | H80: 산호피엔엘 | I80: 임대 | J80: 이승희 | L80: 산호수출포장-77 | M80: 주간 | N80: 좌식 | O80: 8.0T | P80: 클라크 | Q80: C80DH | R80: P680D-0080-9979KF | S80: 43805 | T80: 0 | U80: 04노8757 | V80: Y | W80: KB | X80: 케이앤엘 | Y80: 산호피엔엘 | Z80: 케이앤엘 | AA80: 43810 | AB80: 43810 | AC80: 1500000 | AD80: 64600000
A81: 78 | B81: =MID(F81,8,3) -> 078 | C81: =MID(F81,1,1) -> C | D81: =MID(F81,3,1) -> O | E81: =MID(F81,2,1) -> F | F81: CFO35-0078 | G81: 케이앤엘 | I81: 예비 | J81: 이승희 | K81: 지게차 창고 | L81: 예비-78 | M81: 주간 | N81: 좌식 | O81: 3.5T | P81: 클라크 | Q81: C35KD | R81: P455D-0050-9783KF | S81: 40544 | T81: 0 | U81: 04고8819 | V81: N | Z81: 케이앤엘 | AA81: 43344 | AB81: 45839 | AC81: 0 | AD81: 11000000
A82: 79 | B82: =MID(F82,8,3) -> 079 | C82: =MID(F82,1,1) -> C | D82: =MID(F82,3,1) -> O | E82: =MID(F82,2,1) -> F | F82: CFO45-0079 | G82: 산호피엔엘 | H82: 산호피엔엘 | I82: 임대 | J82: 이승희 | L82: 산호수출포장-79 | M82: 주간 | N82: 좌식 | O82: 4.5T | P82: 클라크 | Q82: C45KD | R82: P455D-0439-9964KF | S82: 44562 | T82: 0 | U82: 04노5538 | V82: Y | W82: KB | X82: 케이앤엘 | Y82: 산호피엔엘 | Z82: 케이앤엘 | AA82: 44591 | AB82: 44591 | AC82: 1250000 | AD82: 51000000
A83: 80 | B83: =MID(F83,8,3) -> 080 | C83: =MID(F83,1,1) -> D | D83: =MID(F83,3,1) -> O | E83: =MID(F83,2,1) -> F | F83: DFO70-0080 | G83: 두산산업차량 | I83: 매각 | J83: 고광민 | K83: 매각 | L83: 매각 | M83: 주간 | N83: 좌식 | O83: 7.0T | P83: 두산 | Q83: D70EV-7PLUS | R83: FDB0V-2610-02432 | S83: 42736 | T83: 0 | U83: 경남04노7894 | V83: N | Z83: 코스 | AA83: 42979 | AB83: 45059 | AC83: 0 | AD83: 62500000
A84: 81 | B84: =MID(F84,8,3) -> 081 | C84: =MID(F84,1,1) -> D | D84: =MID(F84,3,1) -> O | E84: =MID(F84,2,1) -> F | F84: DFO70-0081 | G84: 세아항공방산소재 | H84: 씨앤엘오에스 | I84: 임대 | J84: 이승희 | K84: 세아항공방산소재 | L84: 세아항공-81 | M84: 주간 | N84: 좌식 | O84: 7.0T | P84: 두산 | Q84: D70EV-7PLUS | R84: FDB0V-2610-03745 | S84: 43800 | T84: 0 | U84: 경남04노8758 | V84: Y | W84: KB | X84: 케이앤엘 | Y84: (주)씨앤엘오에스 | Z84: 케이앤엘 | AA84: 43800 | AB84: 46023 | AC84: 1890000 | AD84: 61450000
A85: 82 | B85: =MID(F85,8,3) -> 082 | C85: =MID(F85,1,1) -> D | D85: =MID(F85,3,1) -> O | E85: =MID(F85,2,1) -> F | F85: DFO45-0082 | G85: 디와이파워 | H85: 디와이파워 | I85: 임대 | J85: 이승희 | K85: 디와이파워 | L85: 1Y-2 | M85: 주간 | N85: 좌식 | O85: 4.5T | P85: 두산 | Q85: D45SE-7 | R85: FDB12-1930-01140 | S85: 43556 | T85: 0 | U85: 경남04노8543 | V85: Y | W85: KB | X85: 케이앤엘 | Y85: ㈜케이앤엘 | Z85: 케이앤엘 | AA85: 43556 | AB85: 45108 | AC85: 750000 | AD85: 47430000
A86: 83 | B86: =MID(F86,8,3) -> 083 | C86: =MID(F86,1,1) -> C | D86: =MID(F86,3,1) -> B | E86: =MID(F86,2,1) -> F | F86: CFB18-0083 | G86: 이래CS | H86: 코스 | I86: 임대 | J86: 이승희 | K86: 현장-1공장 | L86: 이래CS-83 | M86: 주간 | N86: 좌식 | O86: 1.8T | P86: 클라크 | Q86: GEX18S | R86: GEX162 2759 9675KF | S86: 43070 | T86: 0 | V86: N | Z86: 케이앤엘 | AA86: 43070 | AB86: 44986 | AC86: 650000 | AD86: 21600000
A87: 84 | B87: =MID(F87,8,3) -> 084 | C87: =MID(F87,1,1) -> C | D87: =MID(F87,3,1) -> B | E87: =MID(F87,2,1) -> F | F87: CFB18-0084 | G87: 이래CS | H87: 코스 | I87: 임대 | J87: 이승희 | K87: 2층-1공장 | L87: 이래CS-84 | M87: 주간 | N87: 좌식 | O87: 1.8T | P87: 클라크 | Q87: GEX18S | R87: GEX162 2757 9675KF | S87: 43070 | T87: 0 | V87: Y | W87: KB | X87: 케이앤엘 | Y87: (주)씨엔엘오에스 | Z87: 케이앤엘 | AA87: 43070 | AB87: 43070 | AC87: 650000 | AD87: 22600000
A88: 85 | B88: =MID(F88,8,3) -> 085 | C88: =MID(F88,1,1) -> C | D88: =MID(F88,3,1) -> B | E88: =MID(F88,2,1) -> F | F88: CFB18-0085 | G88: 이래CS | H88: 코스 | I88: 임대 | J88: 이승희 | K88: 2층-1공장 | L88: 이래CS-85 | M88: 주간 | N88: 좌식 | O88: 1.8T | P88: 클라크 | Q88: GEX18S | R88: GEX162-2756-9675KF | S88: 43070 | T88: 0 | V88: N | Z88: 케이앤엘 | AA88: 43070 | AB88: 43070 | AC88: 650000 | AD88: 22600000
A89: 86 | B89: =MID(F89,8,3) -> 086 | C89: =MID(F89,1,1) -> C | D89: =MID(F89,3,1) -> B | E89: =MID(F89,2,1) -> F | F89: CFB25-0086 | G89: 범한_항성 | H89: 범한_항성 | I89: 임대 | J89: 고민서 | K89: 항성 | L89: 항성-86 | M89: 주간 | N89: 좌식 | O89: 2.5T | P89: 클라크 | Q89: EPX25 CNF | R89: EPX360-0709-9837CNF | S89: 43070 | T89: 0 | V89: Y | W89: KB | X89: 케이앤엘 | Y89: 케이앤엘 | Z89: 케이앤엘 | AA89: 43070 | AB89: 45352 | AC89: 530000 | AD89: 23794000
A90: 87 | B90: =MID(F90,8,3) -> 087 | C90: =MID(F90,1,1) -> C | D90: =MID(F90,3,1) -> B | E90: =MID(F90,2,1) -> F | F90: CFB25-0087 | G90: 진양 | H90: JY테크 | I90: 임대 | J90: 이승희 | K90: 진양 | L90: 진양-87 | M90: 주간 | N90: 좌식 | O90: 2.5T | P90: 클라크 | Q90: EPX25 | R90: EPX360-0706-9837CNF | S90: 43070 | T90: 0 | V90: Y | W90: KB | X90: 케이앤엘 | Y90: 제이와이테크 | Z90: 케이앤엘 | AA90: 43070 | AB90: 45666 | AC90: 700000 | AD90: 20500000
A91: 88 | B91: =MID(F91,8,3) -> 088 | C91: =MID(F91,1,1) -> C | D91: =MID(F91,3,1) -> B | E91: =MID(F91,2,1) -> F | F91: CFB25-0088 | G91: 오페 | H91: 오페 | I91: 임대 | J91: 고민서 | K91: 오페1공장 | L91: 오페-88 | M91: 주간 | N91: 좌식 | O91: 2.5T | P91: 클라크 | Q91: EPX25 | R91: EPX360-0708-9837CNF | S91: 43070 | T91: 0 | V91: N | Z91: 케이앤엘 | AA91: 43070 | AB91: 45444 | AC91: 530000 | AD91: 20600000
A92: 89 | B92: =MID(F92,8,3) -> 089 | C92: =MID(F92,1,1) -> C | D92: =MID(F92,3,1) -> B | E92: =MID(F92,2,1) -> F | F92: CFB30-0089 | G92: 오페 | H92: 오페 | I92: 임대 | J92: 고민서 | K92: 오페 | L92: 오페-89 | M92: 주간 | N92: 좌식 | O92: 3.0T | P92: 클라크 | Q92: EPX30 | R92: EPX360-0694-9837CNF | S92: 43070 | T92: 0 | V92: N | Z92: 케이앤엘 | AA92: 43070 | AB92: 45474 | AC92: 550000 | AD92: 23500000
A93: 90 | B93: =MID(F93,8,3) -> 090 | C93: =MID(F93,1,1) -> C | D93: =MID(F93,3,1) -> B | E93: =MID(F93,2,1) -> F | F93: CFB30-0090 | G93: 이래CS 2공장 | H93: 코스 | I93: 임대 | J93: 이승희 | K93: 기계-2공장 | L93: 이래CS-90 | M93: 주간 | N93: 좌식 | O93: 3.0T | P93: 클라크 | Q93: EPX30 | R93: EPX360-0617-9837CNF | S93: 43070 | T93: 0 | V93: N | Z93: 케이앤엘 | AA93: 43070 | AB93: 43070 | AC93: 650000 | AD93: 25000000
A94: 91 | B94: =MID(F94,8,3) -> 091 | C94: =MID(F94,1,1) -> C | D94: =MID(F94,3,1) -> B | E94: =MID(F94,2,1) -> F | F94: CFB18-0091 | G94: 이래CS 2공장 | H94: 코스 | I94: 임대 | J94: 이승희 | K94: 현장-1공장 | L94: 이래CS-91 | M94: 주간 | N94: 좌식 | O94: 1.8T | P94: 클라크 | Q94: GEX18S | R94: GEX162-2758-9675KF | S94: 43070 | T94: 0 | V94: Y | W94: KB | X94: 케이앤엘 | Y94: (주)씨앤엘오에스 | Z94: 케이앤엘 | AA94: 43070 | AB94: 44986 | AC94: 650000 | AD94: 21600000
A95: 92 | B95: =MID(F95,8,3) -> 092 | C95: =MID(F95,1,1) -> C | D95: =MID(F95,3,1) -> B | E95: =MID(F95,2,1) -> F | F95: CFB25-0092 | G95: 케이앤엘 | I95: 예비 | J95: 이승희 | K95: 지게차 창고 | L95: 예비-92 | M95: 주간 | N95: 좌식 | O95: 2.5T | P95: 클라크 | Q95: EPX25 | R95: EPX360 0707 9837CNF | S95: 43070 | T95: 0 | V95: N | Z95: 케이앤엘 | AA95: 43070 | AB95: 46002 | AC95: 0 | AD95: 20500000
A96: 93 | B96: =MID(F96,8,3) -> 093 | C96: =MID(F96,1,1) -> C | D96: =MID(F96,3,1) -> B | E96: =MID(F96,2,1) -> F | F96: CFB30-0093 | G96: 이래CS 2공장 | H96: 코스 | I96: 임대 | J96: 이승희 | K96: 기계-1공장 | L96: 이래CS-93 | M96: 주간 | N96: 좌식 | O96: 3.0T | P96: 클라크 | Q96: EPX30 | R96: EPX360 0582 9837CNF | S96: 43070 | T96: 0 | V96: N | Z96: 케이앤엘 | AA96: 43070 | AB96: 43070 | AC96: 650000 | AD96: 25000000
A97: 94 | B97: =MID(F97,8,3) -> 094 | C97: =MID(F97,1,1) -> E | D97: =MID(F97,3,1) -> B | E97: =MID(F97,2,1) -> H | F97: EHB00-0094 | G97: 엠코 | H97: 청운로지스 | I97: 임대 | J97: 김상은 | K97: 검사 | L97: 엠코-94 | M97: 주간 | N97: 핸드리프트 | O97: 미정 | P97: . | S97: 43466 | T97: 0 | V97: N | Z97: 청운로지스 | AA97: 43466 | AB97: 43466 | AC97: 120000 | AD97: 3000000
A98: 95 | B98: =MID(F98,8,3) -> 095 | C98: =MID(F98,1,1) -> E | D98: =MID(F98,3,1) -> B | E98: =MID(F98,2,1) -> H | F98: EHB00-0095 | G98: 엠코 | H98: 청운로지스 | I98: 임대 | J98: 김상은 | K98: 검사 | L98: 엠코-95 | M98: 주간 | N98: 핸드리프트 | O98: 미정 | P98: . | S98: 43466 | T98: 0 | V98: N | Z98: 청운로지스 | AA98: 43466 | AB98: 43466 | AC98: 120000 | AD98: 3000000
A99: 96 | B99: =MID(F99,8,3) -> 096 | C99: =MID(F99,1,1) -> E | D99: =MID(F99,3,1) -> B | E99: =MID(F99,2,1) -> H | F99: EHB00-0096 | G99: 엠코 | H99: 청운로지스 | I99: 임대 | J99: 김상은 | K99: 검사 | L99: 엠코-96 | M99: 주간 | N99: 핸드리프트 | O99: 미정 | P99: . | S99: 43466 | T99: 0 | V99: N | Z99: 청운로지스 | AA99: 43466 | AB99: 43466 | AC99: 120000 | AD99: 3000000
A100: 97 | B100: =MID(F100,8,3) -> 097 | C100: =MID(F100,1,1) -> D | D100: =MID(F100,3,1) -> B | E100: =MID(F100,2,1) -> F | F100: DFB25-0097 | G100: BAT | H100: BAT | I100: 임대 | J100: 김상은 | K100: SMD | L100: BAT-97 | M100: 주간 | N100: 좌식 | O100: 2.5T | P100: 두산 | Q100: B25SE-7 | R100: FBA36-1910-02417 | S100: 44819 | T100: 0 | V100: Y | W100: KB | X100: 케이앤엘 | Y100: (주)하얀 | Z100: 케이앤엘 | AA100: 44819 | AB100: 44819 | AC100: 700000 | AD100: 32760000
A101: 98 | B101: =MID(F101,8,3) -> 098 | C101: =MID(F101,1,1) -> D | D101: =MID(F101,3,1) -> O | E101: =MID(F101,2,1) -> F | F101: DFO30-0098 | G101: 케이앤엘 | I101: 예비 | J101: 이승희 | K101: 지게차창고 | L101: 예비-98 | M101: 주간 | N101: 좌식 | O101: 3.0T | P101: 두산 | Q101: D30SE-5 | R101: FDA06-1850-17616 | S101: 41730 | T101: 0 | U101: 경남04노6359 | V101: N | Z101: 케이앤엘 | AA101: 41730 | AB101: 46102 | AC101: 0 | AD101: 33200000
...

Sheet 예비 및 여유차량
A1: 예비차량 현황 _ 2025. 11월 20일 현재
A3: 1. 예비차량 List
B4: 동력 | C4: 장비 No | D4: 사업장 | E4: 상태 | F4: 담당자 | G4: 배치장소 | H4: 배치No | I4: 규격 | J4: 톤수 | K4: 제작처 | L4: 모델명 | M4: 차대번호 | N4: 년식 | O4: 보험 | P4: 자산처 | Q4: 자산등록일 | R4: 임대시작일 (철수일자) | S4: 임대료 | T4: 차량가액 | U4: 잔존가 | V4: 비 고
A5: 전동 | B5: =MID(C5,3,1) -> B | C5: CFB18-0006 | D5: 케이엔엘 | E5: 예비 | F5: 이승희 | G5: 지게차 창고 | H5: 예비-06 | I5: 좌식 | J5: 1.8T | K5: 클라크 | L5: EPX18 | M5: EPX162-0965-9818KF | N5: 40909 | O5: N | P5: 케이엔엘 | Q5: 43831 | R5: 45383 | S5: 0 | T5: 18000000 | U5: -10650084
A6: 전동 | B6: =MID(C6,3,1) -> B | C6: CFB18-0019 | D6: 케이엔엘 | E6: 예비 | F6: 이승희 | G6: 지게차 창고 | H6: 예비-19 | I6: 좌식 | J6: 1.8T | K6: 클라크 | L6: EPX18 | M6: EPX162-0967-9818KF | N6: 40909 | O6: N | P6: 케이엔엘 | Q6: 44013 | R6: 45413 | S6: 0 | T6: 8500000
A7: 전동 | B7: =MID(C7,3,1) -> B | C7: TFB15-0051 | D7: 케이엔엘 | E7: 예비 | F7: 이승희 | G7: 지게차 창고 | H7: 예비-51 | I7: 좌식 | J7: 1.5T | K7: 도요다 | L7: 7FBL15 | M7: 7FBL15-13468 V3 FM | N7: 37622 | O7: N | P7: 케이엔엘 | Q7: 43617 | R7: 45778 | S7: 0 | T7: 10830000 | U7: -12978040 | V7: →덴소 마산공장 투입 검토중
A8: 디젤 | B8: =MID(C8,3,1) -> O | C8: CFO35-0075 | D8: 케이엔엘 | E8: 예비 | F8: 이승희 | G8: 지게차 창고 | H8: 예비-75 | I8: 좌식 | J8: 3.5T | K8: 클라크 | L8: FX353D-2 | M8: CMP450D-1691-9588KF | N8: 39448 | O8: N | P8: 케이엔엘 | Q8: 43344 | R8: 45444 | S8: 0 | T8: 9830710 | U8: -37748788 | V8: * 3단마스트, 에어컨 미 장착, 튜부타이어
A9: 디젤 | B9: =MID(C9,3,1) -> O | C9: CFO35-0078 | D9: 케이엔엘 | E9: 예비 | F9: 이승희 | G9: 지게차 창고 | H9: 예비-78 | I9: 좌식 | J9: 3.5T | K9: 클라크 | L9: C35KD | M9: P455D-0050-9783KF | N9: 40544 | O9: Y | P9: 케이엔엘 | Q9: 43344 | R9: 45839 | S9: 0 | T9: 11000000 | U9: -49492863 | V9: * 3단마스트, 에어컨 미 장착, 튜부타이어
A10: 디젤 | B10: =MID(C10,3,1) -> O | C10: DFO40-0134 | D10: 케이엔엘 | E10: 예비 | F10: 이승희 | G10: 지게차 창고 | H10: 예비-134 | I10: 좌식 | J10: 4.0T | K10: 두산 | L10: D40S-5 | M10: FDB02-1240-01157 | N10: 40817 | O10: Y | P10: 엘소 | Q10: 40857 | R10: 45870 | S10: 0 | T10: 38850000 | U10: -48763261 | V10: * 2단 표준마스트, 에어컨 미 장착, 튜부타이어
A11: 전동 | B11: =MID(C11,3,1) -> B | C11: STB20-0149 | D11: 케이엔엘 | E11: 예비 | F11: 이승희 | G11: 지게차 창고 | H11: 예비-149 | I11: 견인 | J11: 2.0T | K11: 수성산업 | L11: SCT2000N | M11: SCT200N-CTBHB0002 | N11: 42856 | O11: N | P11: 엘소 | Q11: 42856 | R11: 45597 | S11: 0 | T11: 8000000 | U11: -18111500
A12: 전동 | B12: =MID(C12,3,1) -> B | C12: EFB15-0126 | D12: 케이엔엘 | E12: 예비 | F12: 이승희 | G12: 지게차 창고 | H12: 예비-126 | I12: 핸드리프트 | J12: 1.5T | K12: 게이트 | L12: GR15 | M12: GR15-1805016 | N12: 43221 | O12: N | P12: 케이엔엘 | Q12: 43221 | R12: 45444 | S12: 0 | T12: 13000000 | U12: -22321480
A13: 디젤 | B13: =MID(C13,3,1) -> O | C13: DFO30-0168 | D13: 케이엔엘 | E13: 예비 | F13: 이승희 | G13: 지게차 창고 | H13: 예비-168 | I13: 좌식 | J13: 3.0T | K13: 두산 | L13: D30S-5 | M13: FDA06-1000-12094 | N13: 40941 | O13: N | P13: 케이엔엘 | Q13: 44875 | R13: 45870 | S13: 0 | T13: 2000000 | U13: -21247670
A14: 디젤 | B14: =MID(C14,3,1) -> O | C14: DFO30-0213 | D14: 케이엔엘 | E14: 예비 | F14: 이승희 | G14: 지게차 창고 | H14: 예비-213 | I14: 좌식 | J14: 3.0T | K14: 두산 | L14: D30SE-9 | M14: FDA2H-5122-01601 | N14: 44986 | O14: Y | P14: 엘소 | Q14: 44998 | R14: 45870 | S14: 0 | T14: 38520000 | U14: 18819687
A15: 전동 | B15: =MID(C15,3,1) -> B | C15: SHB20-0272 | D15: 케이엔엘 | E15: 예비 | F15: 이승희 | G15: 지게차 창고 | H15: 예비-272 | I15: 핸드파레트 | J15: 2.0T | K15: 수성산업 | L15: SWP-2000(특) | M15: WPCDH0031 | N15: 45170 | O15: N | P15: 케이엔엘 | Q15: 45200 | R15: 45839 | S15: 0 | T15: 8400000 | U15: 2700000
A16: 전동 | B16: =MID(C16,3,1) -> B | C16: CFB30-0328 | D16: 케이엔엘 | E16: 예비 | F16: 이승희 | G16: 지게차 창고 | H16: 예비-328 | I16: 좌식 | J16: 3.0T | K16: 클라크 | L16: EPX30FL | M16: EPX360FL 3108 9959KF | N16: 43770 | O16: N | P16: 케이엔엘 | Q16: 45510 | R16: 45849 | S16: 0 | T16: 16000000 | U16: 13001130
A17: 디젤 | B17: =MID(C17,3,1) -> O | C17: CFO45-0172 | D17: 케이엔엘 | E17: 예비 | F17: 이승희 | G17: 지게차 창고 | H17: 예비-172 | I17: 좌식 | J17: 4.5T | K17: 클라크 | L17: C45KD | M17: P455D00419783KF | N17: 40544 | O17: N | P17: 케이엔엘 | Q17: 44927 | R17: 45383 | S17: 0 | T17: 5000000 | U17: -3717353 | V17: → 알맥 사천 공장 투입검토
A18: 전동 | B18: =MID(C18,3,1) -> B | C18: CFB25-0100 | D18: 케이엔엘 | E18: 예비 | F18: 이승희 | G18: 지게차 창고 | H18: 예비-100 | I18: 좌식 | J18: 2.5T | K18: 클라크 | L18: EPX25 | M18: EPX360-6510-9652 | N18: 44075 | O18: N | P18: 케이엔엘 | Q18: 44652 | R18: 45901 | S18: 0 | T18: 16000000 | U18: -6659896
A19: 전동 | B19: =MID(C19,3,1) -> B | C19: LHB15-0331 | D19: 케이엔엘 | E19: 예비 | F19: 이승희 | G19: 지게차 창고 | H19: 예비-331 | I19: 핸드리프트 | J19: 1.5T | K19: 티엠씨 엘앤에프 | L19: TR15R | M19: TR15R-2408207 | N19: 45516 | O19: N | P19: 케이엔엘 | Q19: 45520 | R19: 45729 | S19: 0 | T19: 15000000 | U19: 12517742
A20: 디젤 | B20: =MID(C20,3,1) -> O | C20: CFO45-0175 | D20: 케이엔엘 | E20: 예비 | F20: 이승희 | G20: 볼보 | H20: 예비-175 | I20: 좌식 | J20: 4.5T | K20: 클라크 | L20: C45KD | M20: P455D01379885KF | N20: 41426 | O20: Y | P20: 케이엔엘 | Q20: 44927 | R20: 45839 | S20: 0 | T20: 5000000 | U20: 8745460 | V20: →볼보(코스) 철수대상차량
A21: 디젤 | B21: =MID(C21,3,1) -> O | C21: CFO45-0176 | D21: 케이엔엘 | E21: 예비 | F21: 이승희 | G21: 볼보 | H21: 예비-176 | I21: 좌식 | J21: 4.5T | K21: 클라크 | L21: C45KD | M21: P455D01659885KF | N21: 41548 | O21: N | P21: 케이엔엘 | Q21: 44927 | R21: 45839 | S21: 0 | T21: 5000000 | U21: 6862910 | V21: →볼보(코스) 철수대상차량
A22: 핸드 | B22: =MID(C22,3,1) -> B | C22: ETB15-0206 | D22: 케이엔엘 | E22: 예비 | F22: 이승희 | G22: 볼보 | H22: 예비-206 | I22: 견인 | J22: 1.5T | K22: 동명 | L22: HT15X | M22: HT15X-0425 | N22: 38443 | O22: N | P22: 케이엔엘 | Q22: 44927 | R22: 45839 | S22: 0 | T22: 3000000 | U22: 3075000 | V22: →볼보(코스) 철수대상차량
A23: 견인 | B23: =MID(C23,3,1) -> B | C23: CTB70-0418 | D23: 케이엔엘 | E23: 예비 | F23: 이승희 | G23: 볼보 | H23: 예비-418 | I23: 견인 | J23: 7.0T | K23: 클라크 | L23: CTX470 | M23: CTX470-0142-9812KF | N23: 40948 | O23: N | P23: 케이엔엘 | Q23: 45839 | R23: 45839 | S23: 0 | T23: 1000000 | U23: 1010820 | V23: →볼보(코스) 철수대상차량
A24: 견인 | B24: =MID(C24,3,1) -> B | C24: CTB70-0421 | D24: 케이엔엘 | E24: 예비 | F24: 이승희 | G24: 볼보 | H24: 예비-421 | I24: 견인 | J24: 7.0T | K24: 클라크 | L24: CTX470 | M24: CTX470-0168-9812KF | N24: 40997 | O24: N | P24: 케이엔엘 | Q24: 45839 | R24: 45839 | S24: 0 | T24: 1000000 | U24: 1000000 | V24: →볼보(코스) 철수대상차량
A26: 2. 대체 투입용 차량
A27: 디젤 | B27: =MID(C27,3,1) -> O | C27: DFO25-0106 | D27: 케이엔엘 | E27: 예비 | F27: 이승희 | G27: 지게차 창고 | H27: 예비-106 | I27: 좌식 | J27: 2.5T | K27: 두산 | L27: D25S-3 | M27: D25S3-1495 | N27: 37257 | O27: N | P27: 케이엔엘 | Q27: 43831 | R27: 45444 | S27: 0 | T27: 5000000 | U27: 9437000 | V27: → 2.5톤 엔진 단기 대체차량 활용
A28: 디젤 | B28: =MID(C28,3,1) -> O | C28: DFO70-0081 | D28: 케이엔엘 | E28: 예비 | F28: 이승희 | G28: 지게차 창고 | H28: 예비-81 | I28: 좌식 | J28: 7.0T | K28: 두산 | L28: D70EV-7PLUS | M28: FDB0V-2610-03745 | N28: 43800 | O28: N | P28: 케이엔엘 | Q28: 43800 | R28: 45444 | S28: 0 | T28: 61450000 | U28: 10090620 | V28: → 세아항공방산소재 대체운용 차량
A29: 전동 | B29: =MID(C29,3,1) -> B | C29: DFB18-0120 | D29: 케이엔엘 | E29: 예비 | F29: 이승희 | G29: 지게차 창고 | H29: 예비-120 | I29: 좌식 | J29: 1.8T | K29: 두산 | L29: B18S-5 | M29: FBAOC-1380-00262 | N29: 40817 | O29: Y | P29: 엘소 | Q29: 40817 | R29: 45444 | S29: 0 | T29: 23650000 | U29: -25340460 | V29: → 1.8T~2T 장비 대체운용 차량
A30: 전동 | B30: =MID(C30,3,1) -> B | C30: CFB30-0321 | D30: 케이엔엘 | E30: 예비 | F30: 이승희 | G30: 엘소창원공장 | H30: 예비-321 | I30: 좌식 | J30: 3.0T | K30: 클라크 | L30: EPG30 | M30: EPG358-0129-9579KF | N30: 38018 | O30: N | P30: 케이엔엘 | Q30: 45474 | R30: 45749 | S30: 0 | T30: 3300000 | U30: 9352750 | V30: → 2.5T~3.0T 사이 장비 대체운용 차량
A32: 3. 사업장 예비차량
C33: 장비 No | D33: 사업장 | E33: 상태 | F33: 담당자 | G33: 배치장소 | H33: 배치No | I33: 규격 | J33: 톤수 | K33: 제작처 | L33: 모델명 | M33: 차대번호 | N33: 년식 | O33: 보험 | P33: 자산처 | Q33: 자산등록일 | R33: 임대시작일 | S33: 임대료 | T33: 차량가액 | U33: 잔존가 | V33: 비 고
A34: 디젤 | B34: =MID(C34,3,1) -> O | C34: DFO30-0154 | D34: 셰플러 | E34: 임대 | F34: 이상용 | G34: 셰플러 | H34: 예비-154 | I34: 좌식 | J34: 3.0T | K34: 두산 | L34: D30S-5 | M34: FDA06-1000-11572 | N34: 40817 | O34: Y | P34: 엘소 | Q34: 40817 | R34: 44867 | S34: 396000 | T34: 29510000 | U34: 29665244
A35: 전동 | B35: =MID(C35,3,1) -> B | C35: CFB25-0189 | D35: 디와이파워 | E35: 임대 | F35: 이승희 | G35: 디와이파워 | H35: 예비 | I35: 입식 | J35: 2.5T | K35: 클라크 | L35: CRX25 | M35: CRX205-2290-9659-KF | N35: 41671 | O35: N | P35: 케이엔엘 | Q35: 44927 | R35: 45132 | S35: 0 | T35: 3000000 | U35: 5550360
A36: 디젤 | B36: =MID(C36,3,1) -> O | C36: DFOA6-0059 | D36: 케이엔엘 | E36: 예비 | F36: 이승희 | G36: 녹산공장-예비 | H36: 예비-59 | I36: 좌식 | J36: 16T | K36: 두산 | L36: D160S-7 | M36: FDC0B-2290-00085 | N36: 42528 | O36: N | P36: 청운로지스 | Q36: 43831 | R36: 45962 | S36: 0 | T36: 72975000
A37: 전동 | B37: =MID(C37,3,1) -> B | C37: CFB50-0183 | D37: 볼보 | E37: 임대 | F37: 최수진 | G37: 예비 | H37: 가공-183 | I37: 좌식 | J37: 5.0T | K37: 클라크 | L37: GEX50 | M37: GEX450-0377-9868-KF | N37: 43191 | O37: N | P37: 케이엔엘 | Q37: 44927 | R37: 44927 | S37: 1150000 | T37: 8085000
A38: 디젤 | B38: =MID(C38,3,1) -> B | C38: CFB25-0199 | D38: 볼보 | E38: 임대 | F38: 최수진 | G38: 예비 | H38: 가공-199 | I38: 입식 | J38: 2.5T | K38: 클라크 | L38: CRX25FL | M38: CRX205-2879-9957-KF | N38: 44197 | O38: N | P38: 케이엔엘 | Q38: 44927 | R38: 44927 | S38: 800000 | T38: 20604000
A39: 전동 | B39: =MID(C39,3,1) -> B | C39: CFB25-0202 | D39: 볼보 | E39: 임대 | F39: 최수진 | G39: 예비 | H39: 가공-202 | I39: 입식 | J39: 2.5T | K39: 클라크 | L39: CRX25FL | M39: CRX205-3905-9957-KF | N39: 44835 | O39: N | P39: 케이엔엘 | Q39: 44927 | R39: 44927 | S39: 800000 | T39: 30873000
A40: 전동 | B40: =MID(C40,3,1) -> B | C40: ETB15-0204 | D40: 볼보 | E40: 임대 | F40: 최수진 | G40: 예비 | H40: 가공-204 | I40: 운반 | J40: 1.5T | K40: T.M.C | L40: TPT15X | M40: TPT15X2030457 | N40: 40969 | O40: N | P40: 케이엔엘 | Q40: 44927 | R40: 44927 | S40: 500000 | T40: 3000000
A41: 디젤 | B41: =MID(C41,3,1) -> O | C41: CFO50-0367 | D41: 볼보 | E41: 임대 | F41: 최수진 | G41: 예비 | H41: 조립-367 | I41: 좌식 | J41: 5.0T | K41: 클라크 | L41: C50KD | M41: P455D 01909964KF | N41: 43207 | O41: N | P41: 케이엔엘 | Q41: 45839 | R41: 45839 | S41: 1150000 | T41: 5000000
A42: 디젤 | B42: =MID(C42,3,1) -> O | C42: CFO45-0372 | D42: 볼보 | E42: 임대 | F42: 최수진 | G42: 예비 | H42: 조립-372 | I42: 좌식 | J42: 4.5T | K42: 클라크 | L42: C45KD | M42: P455D 02739964KF | N42: 43641 | O42: N | P42: 케이엔엘 | Q42: 45839 | R42: 45839 | S42: 1000000 | T42: 5000000
A43: 디젤 | B43: =MID(C43,3,1) -> O | C43: CFO45-0376 | D43: 볼보 | E43: 임대 | F43: 최수진 | G43: 예비 | H43: 조립-376 | I43: 좌식 | J43: 4.5T | K43: 클라크 | L43: C45KD | M43: P455D 01529964KF | N43: 42935 | O43: N | P43: 케이엔엘 | Q43: 45839 | R43: 45839 | S43: 1000000 | T43: 5000000
A44: 전동 | B44: =MID(C44,3,1) -> B | C44: CTB70-0416 | D44: 볼보 | E44: 임대 | F44: 최수진 | G44: 예비 | H44: 조립-416 | I44: 견인 | J44: 7.0T | K44: 클라크 | L44: CTX470 | M44: CTX470-0126-9812KF | N44: 40891 | O44: N | P44: 케이엔엘 | Q44: 45839 | R44: 45931 | S44: 580000 | T44: 1000000
A47: 4. 사업장 여유차량
C48: 장비 No | D48: 사업장 | E48: 상태 | F48: 담당자 | G48: 배치장소 | H48: 배치No | I48: 규격 | J48: 톤수 | K48: 제작처 | L48: 모델명 | M48: 차대번호 | N48: 년식 | O48: 보험 | P48: 자산처 | Q48: 자산등록일 | R48: 임대시작일 | S48: 임대료 | T48: 차량가액 | U48: 잔존가 | V48: 비 고
A53: 5. 폐기/매각 대상 차량 (부품 활용 장비)
C54: 장비 No | D54: 사업장 | E54: 상태 | F54: 담당자 | G54: 배치장소 | H54: 배치No | I54: 규격 | J54: 톤수 | K54: 제작처 | L54: 모델명 | M54: 차대번호 | N54: 년식 | O54: 보험 | P54: 자산처 | Q54: 자산등록일 | R54: 임대 시작일 | S54: 임대료 | T54: 차량가액 | U54: 잔존가 | V54: 비 고
A55: 전동 | B55: =MID(C55,3,1) -> B | C55: EFB25-0101 | D55: 케이엔엘 | E55: 예비 | F55: 이승희 | G55: 지게차 창고 | H55: 예비-101 | I55: 좌식 | J55: 2.5T | K55: 중국 | M55: 25J-15075354 | N55: 36161 | O55: N | P55: 케이엔엘 | Q55: 43101 | R55: 45597 | S55: 0 | T55: 2000000 | U55: -55399900
A56: 전동 | B56: =MID(C56,3,1) -> B | C56: CFB25-0284 | D56: 케이엔엘 | E56: 예비 | F56: 이승희 | G56: 지게차 창고 | H56: 예비-284 | I56: 입식 | J56: 2.5T | K56: 클라크 | L56: CER25 | M56: CER205-0501-9567KF | N56: 37659 | O56: N | P56: 케이엔엘 | Q56: 37987 | R56: 45352 | S56: 0 | T56: 1300000 | U56: 640672
A57: 전동 | B57: =MID(C57,3,1) -> B | C57: CFB25-0285 | D57: 케이엔엘 | E57: 예비 | F57: 이승희 | G57: 지게차 창고 | H57: 예비-285 | I57: 좌식 | J57: 2.5T | K57: 클라크 | L57: FX20B | M57: FB230P-0032-4060RKF | N57: 34700 | O57: N | P57: 케이엔엘 | Q57: 45292 | R57: 45505 | S57: 0 | T57: 1300000 | U57: -2389328
A58: 전동 | B58: =MID(C58,3,1) -> B | C58: CFB25-0300 | D58: 케이엔엘 | E58: 예비 | F58: 이승희 | G58: 지게차 창고 | H58: 예비-300 | I58: 입식 | J58: 2.5T | K58: 클라크 | L58: FX25BR | M58: 없음 - 보험가입 불가 | N58: 35977 | O58: N | P58: 케이엔엘 | Q58: 45352 | R58: 45352 | S58: 0 | T58: 1300000 | U58: 1370000
A59: 전동 | B59: =MID(C59,3,1) -> B | C59: CFB20-0324 | D59: 케이엔엘 | E59: 예비 | F59: 이승희 | G59: 지게차 창고 | H59: 예비-324 | I59: 입식 | J59: 2.0T | K59: 클라크 | L59: FX20BR | M59: PROTO & PILOT 장비일수있음 | N59: 35977 | O59: N | P59: 케이엔엘 | Q59: 45474 | R59: 45474 | S59: 0 | T59: 1400000 | U59: 1400000
A60: 전동 | B60: =MID(C60,3,1) -> B | C60: CFB25-0325 | D60: 케이엔엘 | E60: 예비 | F60: 이승희 | G60: 지게차 창고 | H60: 예비-325 | I60: 입식 | J60: 2.5T | K60: 클라크 | L60: FX25BR | M60: PROTO & PILOT 장비일수있음 | N60: 35977 | O60: N | P60: 케이엔엘 | Q60: 45474 | R60: 45474 | S60: 0 | T60: 1400000 | U60: 1400000
A61: 전동 | B61: =MID(C61,3,1) -> B | C61: CFB25-0326 | D61: 케이엔엘 | E61: 예비 | F61: 이승희 | G61: 지게차 창고 | H61: 예비-326 | I61: 입식 | J61: 2.5T | K61: 클라크 | L61: CER25 | M61: CER205-0725-9567KF | N61: 38353 | O61: N | P61: 케이엔엘 | Q61: 45474 | R61: 45474 | S61: 0 | T61: 2500000 | U61: 2500000
C65: ※. 참고자료 [ 케이앤엘 예비차량 Summary ]
C66: 2025-09-23일 기준 | D66: 디젤 | E66: =COUNTIF($B$5:$B$61,"O") -> 15 | F66: 좌식 | G66: =SUM(COUNTIFS($B$4:$B$61, "O", $I$4:$I$61, "좌식")) -> 15
D67: 전동 | E67: =COUNTIF($B$4:$B$61,"B") -> 27 | F67: 좌식 | G67: =SUM(COUNTIFS($B$4:$B$61, "B", $I$4:$I$61, "좌식")) -> 10
F69: 입식 | G69: =SUM(COUNTIFS($B$4:$B$61, "B", $I$4:$I$61, "입식")) -> 8
F70: 핸드리프트 | G70: =SUM(COUNTIFS($B$4:$B$61, "B", $I$4:$I$61, "핸드리프트")) -> 2
F71: 핸드파레트 | G71: =SUM(COUNTIFS($B$4:$B$61, "B", $I$4:$I$61, "핸드파레트")) -> 1
F72: 트랙터 | G72: =SUM(COUNTIFS($B$4:$B$61, "B", $I$4:$I$61, "트랙터")) -> 0
F73: 운반 | G73: =SUM(COUNTIFS($B$4:$B$61, "B", $I$4:$I$61, "운반")) -> 1
F74: 견인 | G74: =SUM(COUNTIFS($B$4:$B$61, "B", $I$4:$I$61, "견인")) -> 5
D75: Sum | E75: =E66+E67 -> 42 | G75: =SUBTOTAL(9,G66:G74) -> 42

Sheet 예비차량 Summary
B2: KNL 예비 차량 현황
B4: 구분 | C4: 총 보유대수 | E4: 예비차량 | F4: 대체차량 | G4: 사업장 예비차량 | H4: 폐기/매각 차량
B5: 장비대수 | C5: =SUM(C21:Z21) -> 42 | E5: =SUM(C10:H20) -> 20 | F5: =SUM(I10:N20) -> 4 | G5: =SUM(O10:T20) -> 11 | H5: =SUM(U10:Z20) -> 7
B7: Ton | C7: 예비차량 | I7: 대체 투입용 차량 | O7: 사업장 예비차량 | U7: 폐기/매각 대기차량
C8: 디젤 | D8: 전동 | I8: 디젤 | J8: 전동 | O8: 디젤 | P8: 전동 | U8: 디젤 | V8: 전동
C9: 좌식 | D9: 좌식 | E9: 입식 | F9: 핸드파레트 | G9: 핸드리프트 | H9: 기타 | I9: 좌식 | J9: 좌식 | K9: 입식 | L9: 핸드파레트 | M9: 핸드리프트 | N9: 기타 | O9: 좌식 | P9: 좌식 | Q9: 입식 | R9: 핸드파레트 | S9: 핸드리프트 | T9: 기타 | U9: 좌식 | V9: 좌식 | W9: 입식 | X9: 핸드파레트 | Y9: 핸드리프트 | Z9: 기타
B10: 1.5T | C10: =COUNTIFS('예비 및 여유차량'!$B$5:$B$24,"O",'예비 및 여유차량'!$I$5:$I$24,"좌식",'예비 및 여유차량'!$J$5:$J$24,"1.5T") -> 0 | D10: =COUNTIFS('예비 및 여유차량'!$B$5:$B$24,"B",'예비 및 여유차량'!$I$5:$I$24,"좌식",'예비 및 여유차량'!$J$5:$J$24,"1.5T") -> 1 | E10: =COUNTIFS('예비 및 여유차량'!$B$5:$B$24,"B",'예비 및 여유차량'!$I$5:$I$24,"입식",'예비 및 여유차량'!$J$5:$J$24,"1.5T") -> 0 | F10: =COUNTIFS('예비 및 여유차량'!$B$5:$B$24,"B",'예비 및 여유차량'!$I$5:$I$24,"핸드파레트",'예비 및 여유차량'!$J$5:$J$24,"1.5T") -> 0 | G10: =COUNTIFS('예비 및 여유차량'!$B$5:$B$24,"B",'예비 및 여유차량'!$I$5:$I$24,"핸드리프트",'예비 및 여유차량'!$J$5:$J$24,"1.5T") -> 2 | H10: =COUNTIFS('예비 및 여유차량'!$B$5:$B$24,"B",'예비 및 여유차량'!$I$5:$I$24,"<>핸드리프트",'예비 및 여유차량'!$I$5:$I$24,"<>핸드파레트",'예비 및 여유차량'!$I$5:$I$24,"<>입식",'예비 및 여유차량'!$I$5:$I$24,"<>좌식",'예비 및 여유차량'!$J$5:$J$24,"1.5T") -> 1 | I10: =COUNTIFS('예비 및 여유차량'!B27:B30,"O",'예비 및 여유차량'!$I$27:$I$30,"좌식",'예비 및 여유차량'!$J$27:$J$30,"1.5T") -> 0 | J10: =COUNTIFS('예비 및 여유차량'!B27:B30,"B",'예비 및 여유차량'!$I$27:$I$30,"좌식",'예비 및 여유차량'!$J$27:$J$30,"1.5T") -> 0 | K10: =COUNTIFS('예비 및 여유차량'!B27:B30,"B",'예비 및 여유차량'!$I$27:$I$30,"입식",'예비 및 여유차량'!$J$27:$J$30,"1.5T") -> 0 | L10: =COUNTIFS('예비 및 여유차량'!B27:B30,"B",'예비 및 여유차량'!$I$27:$I$30,"핸드파레트",'예비 및 여유차량'!$J$27:$J$30,"1.5T") -> 0 | M10: =COUNTIFS('예비 및 여유차량'!A27:A30,"B",'예비 및 여유차량'!$I$27:$I$30,"핸드리프트",'예비 및 여유차량'!$J$27:$J$30,"1.5T") -> 0 | N10: =COUNTIFS('예비 및 여유차량'!A27:A30,"B",'예비 및 여유차량'!I27:I30,"<>핸드리프트",'예비 및 여유차량'!I27:I30,"<>핸드파레트",'예비 및 여유차량'!I27:I30,"<>입식",'예비 및 여유차량'!I27:I30,"<>좌식",'예비 및 여유차량'!J27:J30,"1.5T") -> 0 | O10: =COUNTIFS('예비 및 여유차량'!$B$34:$B$44,"O",'예비 및 여유차량'!$I$34:$I$44,"좌식",'예비 및 여유차량'!$J$34:$J$44,"1.5T") -> 0 | P10: =COUNTIFS('예비 및 여유차량'!$B$34:$B$44,"B",'예비 및 여유차량'!$I$34:$I$44,"좌식",'예비 및 여유차량'!$J$34:$J$44,"1.5T") -> 0 | Q10: =COUNTIFS('예비 및 여유차량'!$B$34:$B$44,"B",'예비 및 여유차량'!$I$34:$I$44,"입식",'예비 및 여유차량'!$J$34:$J$44,"1.5T") -> 0 | R10: =COUNTIFS('예비 및 여유차량'!$B$34:$B$44,"B",'예비 및 여유차량'!$I$34:$I$44,"핸드파레트",'예비 및 여유차량'!$J$34:$J$44,"1.5T") -> 0 | S10: =COUNTIFS('예비 및 여유차량'!$B$34:$B$44,"B",'예비 및 여유차량'!$I$34:$I$44,"핸드리프트",'예비 및 여유차량'!$J$34:$J$44,"1.5T") -> 0 | T10: =COUNTIFS('예비 및 여유차량'!$B$34:$B$44,"B",'예비 및 여유차량'!$I$34:$I$44,"<>핸드리프트",'예비 및 여유차량'!$I$34:$I$44,"<>핸드파레트",'예비 및 여유차량'!$I$34:$I$44,"<>입식",'예비 및 여유차량'!$I$34:$I$44,"<>좌식",'예비 및 여유차량'!$J$34:$J$44,"1.5T") -> 1 | U10: =COUNTIFS('예비 및 여유차량'!$B$55:$B$61,"O",'예비 및 여유차량'!$I$55:$I$61,"좌식",'예비 및 여유차량'!$J$55:$J$61,"1.5T") -> 0 | V10: =COUNTIFS('예비 및 여유차량'!$B$55:$B$61,"B",'예비 및 여유차량'!$I$55:$I$61,"좌식",'예비 및 여유차량'!$J$55:$J$61,"1.5T") -> 0 | W10: =COUNTIFS('예비 및 여유차량'!$B$55:$B$61,"B",'예비 및 여유차량'!$I$55:$I$61,"입식",'예비 및 여유차량'!$J$55:$J$61,"1.5T") -> 0 | X10: =COUNTIFS('예비 및 여유차량'!$B$55:$B$61,"B",'예비 및 여유차량'!$I$55:$I$61,"핸드파레트",'예비 및 여유차량'!$J$55:$J$61,"1.5T") -> 0 | Y10: =COUNTIFS('예비 및 여유차량'!$B$55:$B$61,"B",'예비 및 여유차량'!$I$55:$I$61,"핸드리프트",'예비 및 여유차량'!$J$55:$J$61,"1.5T") -> 0 | Z10: =COUNTIFS('예비 및 여유차량'!$B$55:$B$61,"B",'예비 및 여유차량'!$I$55:$I$61,"<>핸드리프트",'예비 및 여유차량'!$I$55:$I$61,"<>핸드파레트",'예비 및 여유차량'!$I$55:$I$61,"<>입식",'예비 및 여유차량'!$I$55:$I$61,"<>좌식",'예비 및 여유차량'!$J$55:$J$61,"1.5T") -> 0
B11: 1.8T | C11: =COUNTIFS('예비 및 여유차량'!$B$5:$B$24,"O",'예비 및 여유차량'!$I$5:$I$24,"좌식",'예비 및 여유차량'!$J$5:$J$24,"1.8T") -> 0 | D11: =COUNTIFS('예비 및 여유차량'!$B$5:$B$24,"B",'예비 및 여유차량'!$I$5:$I$24,"좌식",'예비 및 여유차량'!$J$5:$J$24,"1.8T") -> 2 | E11: =COUNTIFS('예비 및 여유차량'!$B$5:$B$24,"B",'예비 및 여유차량'!$I$5:$I$24,"입식",'예비 및 여유차량'!$J$5:$J$24,"1.8T") -> 0 | F11: =COUNTIFS('예비 및 여유차량'!$B$5:$B$24,"B",'예비 및 여유차량'!$I$5:$I$24,"핸드파레트",'예비 및 여유차량'!$J$5:$J$24,"1.8T") -> 0 | G11: =COUNTIFS('예비 및 여유차량'!$B$5:$B$24,"B",'예비 및 여유차량'!$I$5:$I$24,"핸드리프트",'예비 및 여유차량'!$J$5:$J$24,"1.8T") -> 0 | H11: =COUNTIFS('예비 및 여유차량'!$B$5:$B$24,"B",'예비 및 여유차량'!$I$5:$I$24,"<>핸드리프트",'예비 및 여유차량'!$I$5:$I$24,"<>핸드파레트",'예비 및 여유차량'!$I$5:$I$24,"<>입식",'예비 및 여유차량'!$I$5:$I$24,"<>좌식",'예비 및 여유차량'!$J$5:$J$24,"1.8T") -> 0 | I11: =COUNTIFS('예비 및 여유차량'!B27:B30,"O",'예비 및 여유차량'!$I$27:$I$30,"좌식",'예비 및 여유차량'!$J$27:$J$30,"1.8T") -> 0 | J11: =COUNTIFS('예비 및 여유차량'!B27:B30,"B",'예비 및 여유차량'!$I$27:$I$30,"좌식",'예비 및 여유차량'!$J$27:$J$30,"1.8T") -> 1 | K11: =COUNTIFS('예비 및 여유차량'!B27:B30,"B",'예비 및 여유차량'!$I$27:$I$30,"입식",'예비 및 여유차량'!$J$27:$J$30,"1.8T") -> 0 | L11: =COUNTIFS('예비 및 여유차량'!B27:B30,"B",'예비 및 여유차량'!$I$27:$I$30,"핸드파레트",'예비 및 여유차량'!$J$27:$J$30,"1.8T") -> 0 | M11: =COUNTIFS('예비 및 여유차량'!A27:A30,"B",'예비 및 여유차량'!$I$27:$I$30,"핸드리프트",'예비 및 여유차량'!$J$27:$J$30,"1.8T") -> 0 | N11: =COUNTIFS('예비 및 여유차량'!A28:A31,"B",'예비 및 여유차량'!I28:I31,"<>핸드리프트",'예비 및 여유차량'!I28:I31,"<>핸드파레트",'예비 및 여유차량'!I28:I31,"<>입식",'예비 및 여유차량'!I28:I31,"<>좌식",'예비 및 여유차량'!J28:J31,"1.8T") -> 0 | O11: =COUNTIFS('예비 및 여유차량'!$B$34:$B$44,"O",'예비 및 여유차량'!$I$34:$I$44,"좌식",'예비 및 여유차량'!$J$34:$J$44,"1.8T") -> 0 | P11: =COUNTIFS('예비 및 여유차량'!$B$34:$B$44,"B",'예비 및 여유차량'!$I$34:$I$44,"좌식",'예비 및 여유차량'!$J$34:$J$44,"1.8T") -> 0 | Q11: =COUNTIFS('예비 및 여유차량'!$B$34:$B$44,"B",'예비 및 여유차량'!$I$34:$I$44,"입식",'예비 및 여유차량'!$J$34:$J$44,"1.8T") -> 0 | R11: =COUNTIFS('예비 및 여유차량'!$B$34:$B$44,"B",'예비 및 여유차량'!$I$34:$I$44,"핸드파레트",'예비 및 여유차량'!$J$34:$J$44,"1.8T") -> 0 | S11: =COUNTIFS('예비 및 여유차량'!$B$34:$B$44,"B",'예비 및 여유차량'!$I$34:$I$44,"핸드리프트",'예비 및 여유차량'!$J$34:$J$44,"1.58T") -> 0 | T11: =COUNTIFS('예비 및 여유차량'!$B$34:$B$44,"B",'예비 및 여유차량'!$I$34:$I$44,"<>핸드리프트",'예비 및 여유차량'!$I$34:$I$44,"<>핸드파레트",'예비 및 여유차량'!$I$34:$I$44,"<>입식",'예비 및 여유차량'!$I$34:$I$44,"<>좌식",'예비 및 여유차량'!$J$34:$J$44,"1.8T") -> 0 | U11: =COUNTIFS('예비 및 여유차량'!$B$55:$B$61,"O",'예비 및 여유차량'!$I$55:$I$61,"좌식",'예비 및 여유차량'!$J$55:$J$61,"1.8T") -> 0 | V11: =COUNTIFS('예비 및 여유차량'!$B$55:$B$61,"B",'예비 및 여유차량'!$I$55:$I$61,"좌식",'예비 및 여유차량'!$J$55:$J$61,"1.8T") -> 0 | W11: =COUNTIFS('예비 및 여유차량'!$B$55:$B$61,"B",'예비 및 여유차량'!$I$55:$I$61,"입식",'예비 및 여유차량'!$J$55:$J$61,"1.8T") -> 0 | X11: =COUNTIFS('예비 및 여유차량'!$B$55:$B$61,"B",'예비 및 여유차량'!$I$55:$I$61,"핸드파레트",'예비 및 여유차량'!$J$55:$J$61,"1.8T") -> 0 | Y11: =COUNTIFS('예비 및 여유차량'!$B$55:$B$61,"B",'예비 및 여유차량'!$I$55:$I$61,"핸드리프트",'예비 및 여유차량'!$J$55:$J$61,"1.8T") -> 0 | Z11: =COUNTIFS('예비 및 여유차량'!$B$55:$B$61,"B",'예비 및 여유차량'!$I$55:$I$61,"<>핸드리프트",'예비 및 여유차량'!$I$55:$I$61,"<>핸드파레트",'예비 및 여유차량'!$I$55:$I$61,"<>입식",'예비 및 여유차량'!$I$55:$I$61,"<>좌식",'예비 및 여유차량'!$J$55:$J$61,"1.8T") -> 0
B12: 2.0T | C12: =COUNTIFS('예비 및 여유차량'!$B$5:$B$24,"O",'예비 및 여유차량'!$I$5:$I$24,"좌식",'예비 및 여유차량'!$J$5:$J$24,"2.0T") -> 0 | D12: =COUNTIFS('예비 및 여유차량'!$B$5:$B$24,"B",'예비 및 여유차량'!$I$5:$I$24,"좌식",'예비 및 여유차량'!$J$5:$J$24,"2.0T") -> 0 | E12: =COUNTIFS('예비 및 여유차량'!$B$5:$B$24,"B",'예비 및 여유차량'!$I$5:$I$24,"입식",'예비 및 여유차량'!$J$5:$J$24,"2.0T") -> 0 | F12: =COUNTIFS('예비 및 여유차량'!$B$5:$B$24,"B",'예비 및 여유차량'!$I$5:$I$24,"핸드파레트",'예비 및 여유차량'!$J$5:$J$24,"2.0T") -> 1 | G12: =COUNTIFS('예비 및 여유차량'!$B$5:$B$24,"B",'예비 및 여유차량'!$I$5:$I$24,"핸드리프트",'예비 및 여유차량'!$J$5:$J$24,"2.0T") -> 0 | H12: =COUNTIFS('예비 및 여유차량'!$B$5:$B$24,"B",'예비 및 여유차량'!$I$5:$I$24,"<>핸드리프트",'예비 및 여유차량'!$I$5:$I$24,"<>핸드파레트",'예비 및 여유차량'!$I$5:$I$24,"<>입식",'예비 및 여유차량'!$I$5:$I$24,"<>좌식",'예비 및 여유차량'!$J$5:$J$24,"2.0T") -> 1 | I12: =COUNTIFS('예비 및 여유차량'!B27:B30,"O",'예비 및 여유차량'!$I$27:$I$30,"좌식",'예비 및 여유차량'!$J$27:$J$30,"2.0T") -> 0 | J12: =COUNTIFS('예비 및 여유차량'!B27:B30,"B",'예비 및 여유차량'!$I$27:$I$30,"좌식",'예비 및 여유차량'!$J$27:$J$30,"2.0T") -> 0 | K12: =COUNTIFS('예비 및 여유차량'!B27:B30,"B",'예비 및 여유차량'!$I$27:$I$30,"입식",'예비 및 여유차량'!$J$27:$J$30,"2.0T") -> 0 | L12: =COUNTIFS('예비 및 여유차량'!B27:B30,"B",'예비 및 여유차량'!$I$27:$I$30,"핸드파레트",'예비 및 여유차량'!$J$27:$J$30,"2.0T") -> 0 | M12: =COUNTIFS('예비 및 여유차량'!A27:A30,"B",'예비 및 여유차량'!$I$27:$I$30,"핸드리프트",'예비 및 여유차량'!$J$27:$J$30,"2.0T") -> 0 | N12: =COUNTIFS('예비 및 여유차량'!A29:A32,"B",'예비 및 여유차량'!I29:I32,"<>핸드리프트",'예비 및 여유차량'!I29:I32,"<>핸드파레트",'예비 및 여유차량'!I29:I32,"<>입식",'예비 및 여유차량'!I29:I32,"<>좌식",'예비 및 여유차량'!J29:J32,"2.0T") -> 0 | O12: =COUNTIFS('예비 및 여유차량'!$B$34:$B$44,"O",'예비 및 여유차량'!$I$34:$I$44,"좌식",'예비 및 여유차량'!$J$34:$J$44,"2.0T") -> 0 | P12: =COUNTIFS('예비 및 여유차량'!$B$34:$B$44,"B",'예비 및 여유차량'!$I$34:$I$44,"좌식",'예비 및 여유차량'!$J$34:$J$44,"2.0T") -> 0 | Q12: =COUNTIFS('예비 및 여유차량'!$B$34:$B$44,"B",'예비 및 여유차량'!$I$34:$I$44,"입식",'예비 및 여유차량'!$J$34:$J$44,"2.0T") -> 0 | R12: =COUNTIFS('예비 및 여유차량'!$B$34:$B$44,"B",'예비 및 여유차량'!$I$34:$I$44,"핸드파레트",'예비 및 여유차량'!$J$34:$J$44,"2.0T") -> 0 | S12: =COUNTIFS('예비 및 여유차량'!$B$34:$B$44,"B",'예비 및 여유차량'!$I$34:$I$44,"핸드리프트",'예비 및 여유차량'!$J$34:$J$44,"2.0T") -> 0 | T12: =COUNTIFS('예비 및 여유차량'!$B$34:$B$44,"B",'예비 및 여유차량'!$I$34:$I$44,"<>핸드리프트",'예비 및 여유차량'!$I$34:$I$44,"<>핸드파레트",'예비 및 여유차량'!$I$34:$I$44,"<>입식",'예비 및 여유차량'!$I$34:$I$44,"<>좌식",'예비 및 여유차량'!$J$34:$J$44,"2.0T") -> 0 | U12: =COUNTIFS('예비 및 여유차량'!$B$55:$B$61,"O",'예비 및 여유차량'!$I$55:$I$61,"좌식",'예비 및 여유차량'!$J$55:$J$61,"2.0T") -> 0 | V12: =COUNTIFS('예비 및 여유차량'!$B$55:$B$61,"B",'예비 및 여유차량'!$I$55:$I$61,"좌식",'예비 및 여유차량'!$J$55:$J$61,"2.0T") -> 0 | W12: =COUNTIFS('예비 및 여유차량'!$B$55:$B$61,"B",'예비 및 여유차량'!$I$55:$I$61,"입식",'예비 및 여유차량'!$J$55:$J$61,"2.0T") -> 1 | X12: =COUNTIFS('예비 및 여유차량'!$B$55:$B$61,"B",'예비 및 여유차량'!$I$55:$I$61,"핸드파레트",'예비 및 여유차량'!$J$55:$J$61,"2.0T") -> 0 | Y12: =COUNTIFS('예비 및 여유차량'!$B$55:$B$61,"B",'예비 및 여유차량'!$I$55:$I$61,"핸ㄷ리프트",'예비 및 여유차량'!$J$55:$J$61,"2.0T") -> 0 | Z12: =COUNTIFS('예비 및 여유차량'!$B$55:$B$61,"B",'예비 및 여유차량'!$I$55:$I$61,"<>핸드리프트",'예비 및 여유차량'!$I$55:$I$61,"<>핸드파레트",'예비 및 여유차량'!$I$55:$I$61,"<>입식",'예비 및 여유차량'!$I$55:$I$61,"<>좌식",'예비 및 여유차량'!$J$55:$J$61,"2.0T") -> 0
B13: 2.5T | C13: =COUNTIFS('예비 및 여유차량'!$B$5:$B$24,"O",'예비 및 여유차량'!$I$5:$I$24,"좌식",'예비 및 여유차량'!$J$5:$J$24,"2.5T") -> 0 | D13: =COUNTIFS('예비 및 여유차량'!$B$5:$B$24,"B",'예비 및 여유차량'!$I$5:$I$24,"좌식",'예비 및 여유차량'!$J$5:$J$24,"2.5T") -> 1 | E13: =COUNTIFS('예비 및 여유차량'!$B$5:$B$24,"B",'예비 및 여유차량'!$I$5:$I$24,"입식",'예비 및 여유차량'!$J$5:$J$24,"2.5T") -> 0 | F13: =COUNTIFS('예비 및 여유차량'!$B$5:$B$24,"B",'예비 및 여유차량'!$I$5:$I$24,"핸드파레트",'예비 및 여유차량'!$J$5:$J$24,"2.5T") -> 0 | G13: =COUNTIFS('예비 및 여유차량'!$B$5:$B$24,"B",'예비 및 여유차량'!$I$5:$I$24,"핸드리프트",'예비 및 여유차량'!$J$5:$J$24,"2.5T") -> 0 | H13: =COUNTIFS('예비 및 여유차량'!$B$5:$B$24,"B",'예비 및 여유차량'!$I$5:$I$24,"<>핸드리프트",'예비 및 여유차량'!$I$5:$I$24,"<>핸드파레트",'예비 및 여유차량'!$I$5:$I$24,"<>입식",'예비 및 여유차량'!$I$5:$I$24,"<>좌식",'예비 및 여유차량'!$J$5:$J$24,"2.5T") -> 0 | I13: =COUNTIFS('예비 및 여유차량'!B27:B30,"O",'예비 및 여유차량'!$I$27:$I$30,"좌식",'예비 및 여유차량'!$J$27:$J$30,"2.5T") -> 1 | J13: =COUNTIFS('예비 및 여유차량'!B27:B30,"B",'예비 및 여유차량'!$I$27:$I$30,"좌식",'예비 및 여유차량'!$J$27:$J$30,"2.5T") -> 0 | K13: =COUNTIFS('예비 및 여유차량'!B27:B30,"B",'예비 및 여유차량'!$I$27:$I$30,"입식",'예비 및 여유차량'!$J$27:$J$30,"2.5T") -> 0 | L13: =COUNTIFS('예비 및 여유차량'!B27:B30,"B",'예비 및 여유차량'!$I$27:$I$30,"핸드파레트",'예비 및 여유차량'!$J$27:$J$30,"2.5T") -> 0 | M13: =COUNTIFS('예비 및 여유차량'!A27:A30,"B",'예비 및 여유차량'!$I$27:$I$30,"핸드리프트",'예비 및 여유차량'!$J$27:$J$30,"2.5T") -> 0 | N13: =COUNTIFS('예비 및 여유차량'!A30:A33,"B",'예비 및 여유차량'!I30:I33,"<>핸드리프트",'예비 및 여유차량'!I30:I33,"<>핸드파레트",'예비 및 여유차량'!I30:I33,"<>입식",'예비 및 여유차량'!I30:I33,"<>좌식",'예비 및 여유차량'!J30:J33,"2.5T") -> 0 | O13: =COUNTIFS('예비 및 여유차량'!$B$34:$B$44,"O",'예비 및 여유차량'!$I$34:$I$44,"좌식",'예비 및 여유차량'!$J$34:$J$44,"2.5T") -> 0 | P13: =COUNTIFS('예비 및 여유차량'!$B$34:$B$44,"B",'예비 및 여유차량'!$I$34:$I$44,"좌식",'예비 및 여유차량'!$J$34:$J$44,"2.5T") -> 0 | Q13: =COUNTIFS('예비 및 여유차량'!$B$34:$B$44,"B",'예비 및 여유차량'!$I$34:$I$44,"입식",'예비 및 여유차량'!$J$34:$J$44,"2.5T") -> 3 | R13: =COUNTIFS('예비 및 여유차량'!$B$34:$B$44,"B",'예비 및 여유차량'!$I$34:$I$44,"핸드파레트",'예비 및 여유차량'!$J$34:$J$44,"2.5T") -> 0 | S13: =COUNTIFS('예비 및 여유차량'!$B$34:$B$44,"B",'예비 및 여유차량'!$I$34:$I$44,"핸ㄷ리프트",'예비 및 여유차량'!$J$34:$J$44,"2.5T") -> 0 | T13: =COUNTIFS('예비 및 여유차량'!$B$34:$B$44,"B",'예비 및 여유차량'!$I$34:$I$44,"<>핸드리프트",'예비 및 여유차량'!$I$34:$I$44,"<>핸드파레트",'예비 및 여유차량'!$I$34:$I$44,"<>입식",'예비 및 여유차량'!$I$34:$I$44,"<>좌식",'예비 및 여유차량'!$J$34:$J$44,"2.5T") -> 0 | U13: =COUNTIFS('예비 및 여유차량'!$B$55:$B$61,"O",'예비 및 여유차량'!$I$55:$I$61,"좌식",'예비 및 여유차량'!$J$55:$J$61,"2.5T") -> 0 | V13: =COUNTIFS('예비 및 여유차량'!$B$55:$B$61,"B",'예비 및 여유차량'!$I$55:$I$61,"좌식",'예비 및 여유차량'!$J$55:$J$61,"2.5T") -> 2 | W13: =COUNTIFS('예비 및 여유차량'!$B$55:$B$61,"B",'예비 및 여유차량'!$I$55:$I$61,"입식",'예비 및 여유차량'!$J$55:$J$61,"2.5T") -> 4 | X13: =COUNTIFS('예비 및 여유차량'!$B$55:$B$61,"B",'예비 및 여유차량'!$I$55:$I$61,"핸드파레트",'예비 및 여유차량'!$J$55:$J$61,"2.5T") -> 0 | Y13: =COUNTIFS('예비 및 여유차량'!$B$55:$B$61,"B",'예비 및 여유차량'!$I$55:$I$61,"핸드리프트",'예비 및 여유차량'!$J$55:$J$61,"2.5T") -> 0 | Z13: =COUNTIFS('예비 및 여유차량'!$B$55:$B$61,"B",'예비 및 여유차량'!$I$55:$I$61,"<>핸드리프트",'예비 및 여유차량'!$I$55:$I$61,"<>핸드파레트",'예비 및 여유차량'!$I$55:$I$61,"<>입식",'예비 및 여유차량'!$I$55:$I$61,"<>좌식",'예비 및 여유차량'!$J$55:$J$61,"2.5T") -> 0
B14: 3.0T | C14: =COUNTIFS('예비 및 여유차량'!$B$5:$B$24,"O",'예비 및 여유차량'!$I$5:$I$24,"좌식",'예비 및 여유차량'!$J$5:$J$24,"3.0T") -> 2 | D14: =COUNTIFS('예비 및 여유차량'!$B$5:$B$24,"B",'예비 및 여유차량'!$I$5:$I$24,"좌식",'예비 및 여유차량'!$J$5:$J$24,"3.0T") -> 1 | E14: =COUNTIFS('예비 및 여유차량'!$B$5:$B$24,"B",'예비 및 여유차량'!$I$5:$I$24,"입식",'예비 및 여유차량'!$J$5:$J$24,"3.0T") -> 0 | F14: =COUNTIFS('예비 및 여유차량'!$B$5:$B$24,"B",'예비 및 여유차량'!$I$5:$I$24,"핸드파레트",'예비 및 여유차량'!$J$5:$J$24,"3.0T") -> 0 | G14: =COUNTIFS('예비 및 여유차량'!$B$5:$B$24,"B",'예비 및 여유차량'!$I$5:$I$24,"핸드리프트",'예비 및 여유차량'!$J$5:$J$24,"3.0T") -> 0 | H14: =COUNTIFS('예비 및 여유차량'!$B$5:$B$24,"B",'예비 및 여유차량'!$I$5:$I$24,"<>핸드리프트",'예비 및 여유차량'!$I$5:$I$24,"<>핸드파레트",'예비 및 여유차량'!$I$5:$I$24,"<>입식",'예비 및 여유차량'!$I$5:$I$24,"<>좌식",'예비 및 여유차량'!$J$5:$J$24,"3.0T") -> 0 | I14: =COUNTIFS('예비 및 여유차량'!B27:B30,"O",'예비 및 여유차량'!$I$27:$I$30,"좌식",'예비 및 여유차량'!$J$27:$J$30,"3.0T") -> 0 | J14: =COUNTIFS('예비 및 여유차량'!B27:B30,"B",'예비 및 여유차량'!$I$27:$I$30,"좌식",'예비 및 여유차량'!$J$27:$J$30,"3.0T") -> 1 | K14: =COUNTIFS('예비 및 여유차량'!B27:B30,"B",'예비 및 여유차량'!$I$27:$I$30,"입식",'예비 및 여유차량'!$J$27:$J$30,"3.0T") -> 0 | L14: =COUNTIFS('예비 및 여유차량'!B27:B30,"B",'예비 및 여유차량'!$I$27:$I$30,"핸드파레트",'예비 및 여유차량'!$J$27:$J$30,"3.0T") -> 0 | M14: =COUNTIFS('예비 및 여유차량'!A27:A30,"B",'예비 및 여유차량'!$I$27:$I$30,"핸드리프트",'예비 및 여유차량'!$J$27:$J$30,"3.0T") -> 0 | N14: =COUNTIFS('예비 및 여유차량'!A31:A34,"B",'예비 및 여유차량'!I31:I34,"<>핸드리프트",'예비 및 여유차량'!I31:I34,"<>핸드파레트",'예비 및 여유차량'!I31:I34,"<>입식",'예비 및 여유차량'!I31:I34,"<>좌식",'예비 및 여유차량'!J31:J34,"3.0T") -> 0 | O14: =COUNTIFS('예비 및 여유차량'!$B$34:$B$44,"O",'예비 및 여유차량'!$I$34:$I$44,"좌식",'예비 및 여유차량'!$J$34:$J$44,"3.0T") -> 1 | P14: =COUNTIFS('예비 및 여유차량'!$B$34:$B$44,"B",'예비 및 여유차량'!$I$34:$I$44,"좌식",'예비 및 여유차량'!$J$34:$J$44,"3.0T") -> 0 | Q14: =COUNTIFS('예비 및 여유차량'!$B$34:$B$44,"B",'예비 및 여유차량'!$I$34:$I$44,"입식",'예비 및 여유차량'!$J$34:$J$44,"3.0T") -> 0 | R14: =COUNTIFS('예비 및 여유차량'!$B$34:$B$44,"B",'예비 및 여유차량'!$I$34:$I$44,"핸드파레트",'예비 및 여유차량'!$J$34:$J$44,"3.0T") -> 0 | S14: =COUNTIFS('예비 및 여유차량'!$B$34:$B$44,"B",'예비 및 여유차량'!$I$34:$I$44,"핸드리프트",'예비 및 여유차량'!$J$34:$J$44,"3.0T") -> 0 | T14: =COUNTIFS('예비 및 여유차량'!$B$34:$B$44,"B",'예비 및 여유차량'!$I$34:$I$44,"<>핸드리프트",'예비 및 여유차량'!$I$34:$I$44,"<>핸드파레트",'예비 및 여유차량'!$I$34:$I$44,"<>입식",'예비 및 여유차량'!$I$34:$I$44,"<>좌식",'예비 및 여유차량'!$J$34:$J$44,"3.0T") -> 0 | U14: =COUNTIFS('예비 및 여유차량'!$B$55:$B$61,"O",'예비 및 여유차량'!$I$55:$I$61,"좌식",'예비 및 여유차량'!$J$55:$J$61,"3.0T") -> 0 | V14: =COUNTIFS('예비 및 여유차량'!$B$55:$B$61,"B",'예비 및 여유차량'!$I$55:$I$61,"좌식",'예비 및 여유차량'!$J$55:$J$61,"3.0T") -> 0 | W14: =COUNTIFS('예비 및 여유차량'!$B$55:$B$61,"B",'예비 및 여유차량'!$I$55:$I$61,"입식",'예비 및 여유차량'!$J$55:$J$61,"3.0T") -> 0 | X14: =COUNTIFS('예비 및 여유차량'!$B$55:$B$61,"B",'예비 및 여유차량'!$I$55:$I$61,"핸드파레트",'예비 및 여유차량'!$J$55:$J$61,"3.0T") -> 0 | Y14: =COUNTIFS('예비 및 여유차량'!$B$55:$B$61,"B",'예비 및 여유차량'!$I$55:$I$61,"핸드리프트",'예비 및 여유차량'!$J$55:$J$61,"3.0T") -> 0 | Z14: =COUNTIFS('예비 및 여유차량'!$B$55:$B$61,"B",'예비 및 여유차량'!$I$55:$I$61,"<>핸드리프트",'예비 및 여유차량'!$I$55:$I$61,"<>핸드파레트",'예비 및 여유차량'!$I$55:$I$61,"<>입식",'예비 및 여유차량'!$I$55:$I$61,"<>좌식",'예비 및 여유차량'!$J$55:$J$61,"3.0T") -> 0
B15: 3.5T | C15: =COUNTIFS('예비 및 여유차량'!$B$5:$B$24,"O",'예비 및 여유차량'!$I$5:$I$24,"좌식",'예비 및 여유차량'!$J$5:$J$24,"3.5T") -> 2 | D15: =COUNTIFS('예비 및 여유차량'!$B$5:$B$24,"B",'예비 및 여유차량'!$I$5:$I$24,"좌식",'예비 및 여유차량'!$J$5:$J$24,"3.5T") -> 0 | E15: =COUNTIFS('예비 및 여유차량'!$B$5:$B$24,"B",'예비 및 여유차량'!$I$5:$I$24,"입식",'예비 및 여유차량'!$J$5:$J$24,"3.5T") -> 0 | F15: =COUNTIFS('예비 및 여유차량'!$B$5:$B$24,"B",'예비 및 여유차량'!$I$5:$I$24,"핸드파레트",'예비 및 여유차량'!$J$5:$J$24,"3.5T") -> 0 | G15: =COUNTIFS('예비 및 여유차량'!$B$5:$B$24,"B",'예비 및 여유차량'!$I$5:$I$24,"핸드리프트",'예비 및 여유차량'!$J$5:$J$24,"3.5T") -> 0 | H15: =COUNTIFS('예비 및 여유차량'!$B$5:$B$24,"B",'예비 및 여유차량'!$I$5:$I$24,"<>핸드리프트",'예비 및 여유차량'!$I$5:$I$24,"<>핸드파레트",'예비 및 여유차량'!$I$5:$I$24,"<>입식",'예비 및 여유차량'!$I$5:$I$24,"<>좌식",'예비 및 여유차량'!$J$5:$J$24,"3.5T") -> 0 | I15: =COUNTIFS('예비 및 여유차량'!B27:B30,"O",'예비 및 여유차량'!$I$27:$I$30,"좌식",'예비 및 여유차량'!$J$27:$J$30,"3.5T") -> 0 | J15: =COUNTIFS('예비 및 여유차량'!B27:B30,"B",'예비 및 여유차량'!$I$27:$I$30,"좌식",'예비 및 여유차량'!$J$27:$J$30,"3.5T") -> 0 | K15: =COUNTIFS('예비 및 여유차량'!B27:B30,"B",'예비 및 여유차량'!$I$27:$I$30,"입식",'예비 및 여유차량'!$J$27:$J$30,"3.5T") -> 0 | L15: =COUNTIFS('예비 및 여유차량'!B27:B30,"B",'예비 및 여유차량'!$I$27:$I$30,"핸드파레트",'예비 및 여유차량'!$J$27:$J$30,"3.5T") -> 0 | M15: =COUNTIFS('예비 및 여유차량'!A27:A30,"B",'예비 및 여유차량'!$I$27:$I$30,"핸드리프트",'예비 및 여유차량'!$J$27:$J$30,"3.5T") -> 0 | N15: =COUNTIFS('예비 및 여유차량'!A32:A35,"B",'예비 및 여유차량'!I32:I35,"<>핸드리프트",'예비 및 여유차량'!I32:I35,"<>핸드파레트",'예비 및 여유차량'!I32:I35,"<>입식",'예비 및 여유차량'!I32:I35,"<>좌식",'예비 및 여유차량'!J32:J35,"3.5T") -> 0 | O15: =COUNTIFS('예비 및 여유차량'!$B$34:$B$44,"O",'예비 및 여유차량'!$I$34:$I$44,"좌식",'예비 및 여유차량'!$J$34:$J$44,"3.5T") -> 0 | P15: =COUNTIFS('예비 및 여유차량'!$B$34:$B$44,"B",'예비 및 여유차량'!$I$34:$I$44,"좌식",'예비 및 여유차량'!$J$34:$J$44,"3.5T") -> 0 | Q15: =COUNTIFS('예비 및 여유차량'!$B$34:$B$44,"B",'예비 및 여유차량'!$I$34:$I$44,"입식",'예비 및 여유차량'!$J$34:$J$44,"3.5T") -> 0 | R15: =COUNTIFS('예비 및 여유차량'!$B$34:$B$44,"B",'예비 및 여유차량'!$I$34:$I$44,"핸드파레트",'예비 및 여유차량'!$J$34:$J$44,"3.5T") -> 0 | S15: =COUNTIFS('예비 및 여유차량'!$B$34:$B$44,"B",'예비 및 여유차량'!$I$34:$I$44,"핸드리프트",'예비 및 여유차량'!$J$34:$J$44,"3.5T") -> 0 | T15: =COUNTIFS('예비 및 여유차량'!$B$34:$B$44,"B",'예비 및 여유차량'!$I$34:$I$44,"<>핸드리프트",'예비 및 여유차량'!$I$34:$I$44,"<>핸드파레트",'예비 및 여유차량'!$I$34:$I$44,"<>입식",'예비 및 여유차량'!$I$34:$I$44,"<>좌식",'예비 및 여유차량'!$J$34:$J$44,"3.5T") -> 0 | U15: =COUNTIFS('예비 및 여유차량'!$B$55:$B$61,"O",'예비 및 여유차량'!$I$55:$I$61,"좌식",'예비 및 여유차량'!$J$55:$J$61,"3.5T") -> 0 | V15: =COUNTIFS('예비 및 여유차량'!$B$55:$B$61,"B",'예비 및 여유차량'!$I$55:$I$61,"좌식",'예비 및 여유차량'!$J$55:$J$61,"3.5T") -> 0 | W15: =COUNTIFS('예비 및 여유차량'!$B$55:$B$61,"B",'예비 및 여유차량'!$I$55:$I$61,"입식",'예비 및 여유차량'!$J$55:$J$61,"3.5T") -> 0 | X15: =COUNTIFS('예비 및 여유차량'!$B$55:$B$61,"B",'예비 및 여유차량'!$I$55:$I$61,"핸드파레트",'예비 및 여유차량'!$J$55:$J$61,"3.5T") -> 0 | Y15: =COUNTIFS('예비 및 여유차량'!$B$55:$B$61,"B",'예비 및 여유차량'!$I$55:$I$61,"핸드리프트",'예비 및 여유차량'!$J$55:$J$61,"3.5T") -> 0 | Z15: =COUNTIFS('예비 및 여유차량'!$B$55:$B$61,"B",'예비 및 여유차량'!$I$55:$I$61,"<>핸드리프트",'예비 및 여유차량'!$I$55:$I$61,"<>핸드파레트",'예비 및 여유차량'!$I$55:$I$61,"<>입식",'예비 및 여유차량'!$I$55:$I$61,"<>좌식",'예비 및 여유차량'!$J$55:$J$61,"3.5T") -> 0
B16: 4.0T | C16: =COUNTIFS('예비 및 여유차량'!$B$5:$B$24,"O",'예비 및 여유차량'!$I$5:$I$24,"좌식",'예비 및 여유차량'!$J$5:$J$24,"4.0T") -> 1 | D16: =COUNTIFS('예비 및 여유차량'!$B$5:$B$24,"B",'예비 및 여유차량'!$I$5:$I$24,"좌식",'예비 및 여유차량'!$J$5:$J$24,"4.0T") -> 0 | E16: =COUNTIFS('예비 및 여유차량'!$B$5:$B$24,"B",'예비 및 여유차량'!$I$5:$I$24,"입식",'예비 및 여유차량'!$J$5:$J$24,"4.0T") -> 0 | F16: =COUNTIFS('예비 및 여유차량'!$B$5:$B$24,"B",'예비 및 여유차량'!$I$5:$I$24,"핸드파레트",'예비 및 여유차량'!$J$5:$J$24,"4.0T") -> 0 | G16: =COUNTIFS('예비 및 여유차량'!$B$5:$B$24,"B",'예비 및 여유차량'!$I$5:$I$24,"핸드리프트",'예비 및 여유차량'!$J$5:$J$24,"4.0T") -> 0 | H16: =COUNTIFS('예비 및 여유차량'!$B$5:$B$24,"B",'예비 및 여유차량'!$I$5:$I$24,"<>핸드리프트",'예비 및 여유차량'!$I$5:$I$24,"<>핸드파레트",'예비 및 여유차량'!$I$5:$I$24,"<>입식",'예비 및 여유차량'!$I$5:$I$24,"<>좌식",'예비 및 여유차량'!$J$5:$J$24,"4.0T") -> 0 | I16: =COUNTIFS('예비 및 여유차량'!B27:B30,"O",'예비 및 여유차량'!$I$27:$I$30,"좌식",'예비 및 여유차량'!$J$27:$J$30,"4.0T") -> 0 | J16: =COUNTIFS('예비 및 여유차량'!B27:B30,"B",'예비 및 여유차량'!$I$27:$I$30,"좌식",'예비 및 여유차량'!$J$27:$J$30,"4.0T") -> 0 | K16: =COUNTIFS('예비 및 여유차량'!B27:B30,"B",'예비 및 여유차량'!$I$27:$I$30,"입식",'예비 및 여유차량'!$J$27:$J$30,"4.0T") -> 0 | L16: =COUNTIFS('예비 및 여유차량'!B27:B30,"B",'예비 및 여유차량'!$I$27:$I$30,"핸드파레트",'예비 및 여유차량'!$J$27:$J$30,"4.0T") -> 0 | M16: =COUNTIFS('예비 및 여유차량'!A27:A30,"B",'예비 및 여유차량'!$I$27:$I$30,"핸드리프트",'예비 및 여유차량'!$J$27:$J$30,"4.0T") -> 0 | N16: =COUNTIFS('예비 및 여유차량'!A33:A35,"B",'예비 및 여유차량'!I33:I35,"<>핸드리프트",'예비 및 여유차량'!I33:I35,"<>핸드파레트",'예비 및 여유차량'!I33:I35,"<>입식",'예비 및 여유차량'!I33:I35,"<>좌식",'예비 및 여유차량'!J33:J35,"4.0T") -> 0 | O16: =COUNTIFS('예비 및 여유차량'!$B$34:$B$44,"O",'예비 및 여유차량'!$I$34:$I$44,"좌식",'예비 및 여유차량'!$J$34:$J$44,"4.0T") -> 0 | P16: =COUNTIFS('예비 및 여유차량'!$B$34:$B$44,"B",'예비 및 여유차량'!$I$34:$I$44,"좌식",'예비 및 여유차량'!$J$34:$J$44,"4.0T") -> 0 | Q16: =COUNTIFS('예비 및 여유차량'!$B$34:$B$44,"B",'예비 및 여유차량'!$I$34:$I$44,"입식",'예비 및 여유차량'!$J$34:$J$44,"4.0T") -> 0 | R16: =COUNTIFS('예비 및 여유차량'!$B$34:$B$44,"B",'예비 및 여유차량'!$I$34:$I$44,"핸드파레트",'예비 및 여유차량'!$J$34:$J$44,"4.0T") -> 0 | S16: =COUNTIFS('예비 및 여유차량'!$B$34:$B$44,"B",'예비 및 여유차량'!$I$34:$I$44,"핸드리프트",'예비 및 여유차량'!$J$34:$J$44,"4.0T") -> 0 | T16: =COUNTIFS('예비 및 여유차량'!$B$34:$B$44,"B",'예비 및 여유차량'!$I$34:$I$44,"<>핸드리프트",'예비 및 여유차량'!$I$34:$I$44,"<>핸드파레트",'예비 및 여유차량'!$I$34:$I$44,"<>입식",'예비 및 여유차량'!$I$34:$I$44,"<>좌식",'예비 및 여유차량'!$J$34:$J$44,"4.0T") -> 0 | U16: =COUNTIFS('예비 및 여유차량'!$B$55:$B$61,"O",'예비 및 여유차량'!$I$55:$I$61,"좌식",'예비 및 여유차량'!$J$55:$J$61,"4.0T") -> 0 | V16: =COUNTIFS('예비 및 여유차량'!$B$55:$B$61,"B",'예비 및 여유차량'!$I$55:$I$61,"좌식",'예비 및 여유차량'!$J$55:$J$61,"4.0T") -> 0 | W16: =COUNTIFS('예비 및 여유차량'!$B$55:$B$61,"B",'예비 및 여유차량'!$I$55:$I$61,"입식",'예비 및 여유차량'!$J$55:$J$61,"4.0T") -> 0 | X16: =COUNTIFS('예비 및 여유차량'!$B$55:$B$61,"B",'예비 및 여유차량'!$I$55:$I$61,"핸드파레트",'예비 및 여유차량'!$J$55:$J$61,"4.0T") -> 0 | Y16: =COUNTIFS('예비 및 여유차량'!$B$55:$B$61,"B",'예비 및 여유차량'!$I$55:$I$61,"핸드리프트",'예비 및 여유차량'!$J$55:$J$61,"4.0T") -> 0 | Z16: =COUNTIFS('예비 및 여유차량'!$B$55:$B$61,"B",'예비 및 여유차량'!$I$55:$I$61,"<>핸드리프트",'예비 및 여유차량'!$I$55:$I$61,"<>핸드파레트",'예비 및 여유차량'!$I$55:$I$61,"<>입식",'예비 및 여유차량'!$I$55:$I$61,"<>좌식",'예비 및 여유차량'!$J$55:$J$61,"4.0T") -> 0
B17: 4.5T | C17: =COUNTIFS('예비 및 여유차량'!$B$5:$B$24,"O",'예비 및 여유차량'!$I$5:$I$24,"좌식",'예비 및 여유차량'!$J$5:$J$24,"4.5T") -> 3 | D17: =COUNTIFS('예비 및 여유차량'!$B$5:$B$24,"B",'예비 및 여유차량'!$I$5:$I$24,"좌식",'예비 및 여유차량'!$J$5:$J$24,"4.5T") -> 0 | E17: =COUNTIFS('예비 및 여유차량'!$B$5:$B$24,"B",'예비 및 여유차량'!$I$5:$I$24,"입식",'예비 및 여유차량'!$J$5:$J$24,"4.5T") -> 0 | F17: =COUNTIFS('예비 및 여유차량'!$B$5:$B$24,"B",'예비 및 여유차량'!$I$5:$I$24,"핸드파레트",'예비 및 여유차량'!$J$5:$J$24,"4.5T") -> 0 | G17: =COUNTIFS('예비 및 여유차량'!$B$5:$B$24,"B",'예비 및 여유차량'!$I$5:$I$24,"핸드리프트",'예비 및 여유차량'!$J$5:$J$24,"4.5T") -> 0 | H17: =COUNTIFS('예비 및 여유차량'!$B$5:$B$24,"B",'예비 및 여유차량'!$I$5:$I$24,"<>핸드리프트",'예비 및 여유차량'!$I$5:$I$24,"<>핸드파레트",'예비 및 여유차량'!$I$5:$I$24,"<>입식",'예비 및 여유차량'!$I$5:$I$24,"<>좌식",'예비 및 여유차량'!$J$5:$J$24,"4.5T") -> 0 | I17: =COUNTIFS('예비 및 여유차량'!B27:B30,"O",'예비 및 여유차량'!$I$27:$I$30,"좌식",'예비 및 여유차량'!$J$27:$J$30,"4.5T") -> 0 | J17: =COUNTIFS('예비 및 여유차량'!B27:B30,"B",'예비 및 여유차량'!$I$27:$I$30,"좌식",'예비 및 여유차량'!$J$27:$J$30,"4.5T") -> 0 | K17: =COUNTIFS('예비 및 여유차량'!B27:B30,"B",'예비 및 여유차량'!$I$27:$I$30,"입식",'예비 및 여유차량'!$J$27:$J$30,"4.5T") -> 0 | L17: =COUNTIFS('예비 및 여유차량'!B27:B30,"B",'예비 및 여유차량'!$I$27:$I$30,"핸드파레트",'예비 및 여유차량'!$J$27:$J$30,"4.5T") -> 0 | M17: =COUNTIFS('예비 및 여유차량'!A27:A30,"B",'예비 및 여유차량'!$I$27:$I$30,"핸드리프트",'예비 및 여유차량'!$J$27:$J$30,"4.5T") -> 0 | N17: =COUNTIFS('예비 및 여유차량'!A34:A37,"B",'예비 및 여유차량'!I34:I37,"<>핸드리프트",'예비 및 여유차량'!I34:I37,"<>핸드파레트",'예비 및 여유차량'!I34:I37,"<>입식",'예비 및 여유차량'!I34:I37,"<>좌식",'예비 및 여유차량'!J34:J37,"4.5T") -> 0 | O17: =COUNTIFS('예비 및 여유차량'!$B$34:$B$44,"O",'예비 및 여유차량'!$I$34:$I$44,"좌식",'예비 및 여유차량'!$J$34:$J$44,"4.5T") -> 2 | P17: =COUNTIFS('예비 및 여유차량'!$B$34:$B$44,"B",'예비 및 여유차량'!$I$34:$I$44,"좌식",'예비 및 여유차량'!$J$34:$J$44,"4.5T") -> 0 | Q17: =COUNTIFS('예비 및 여유차량'!$B$34:$B$44,"B",'예비 및 여유차량'!$I$34:$I$44,"입식",'예비 및 여유차량'!$J$34:$J$44,"4.5T") -> 0 | R17: =COUNTIFS('예비 및 여유차량'!$B$34:$B$44,"B",'예비 및 여유차량'!$I$34:$I$44,"핸드파레트",'예비 및 여유차량'!$J$34:$J$44,"4.5T") -> 0 | S17: =COUNTIFS('예비 및 여유차량'!$B$34:$B$44,"B",'예비 및 여유차량'!$I$34:$I$44,"핸드리프트",'예비 및 여유차량'!$J$34:$J$44,"4.5T") -> 0 | T17: =COUNTIFS('예비 및 여유차량'!$B$34:$B$44,"B",'예비 및 여유차량'!$I$34:$I$44,"<>핸드리프트",'예비 및 여유차량'!$I$34:$I$44,"<>핸드파레트",'예비 및 여유차량'!$I$34:$I$44,"<>입식",'예비 및 여유차량'!$I$34:$I$44,"<>좌식",'예비 및 여유차량'!$J$34:$J$44,"4.5T") -> 0 | U17: =COUNTIFS('예비 및 여유차량'!$B$55:$B$61,"O",'예비 및 여유차량'!$I$55:$I$61,"좌식",'예비 및 여유차량'!$J$55:$J$61,"4.5T") -> 0 | V17: =COUNTIFS('예비 및 여유차량'!$B$55:$B$61,"B",'예비 및 여유차량'!$I$55:$I$61,"좌식",'예비 및 여유차량'!$J$55:$J$61,"4.5T") -> 0 | W17: =COUNTIFS('예비 및 여유차량'!$B$55:$B$61,"B",'예비 및 여유차량'!$I$55:$I$61,"입식",'예비 및 여유차량'!$J$55:$J$61,"4.5T") -> 0 | X17: =COUNTIFS('예비 및 여유차량'!$B$55:$B$61,"B",'예비 및 여유차량'!$I$55:$I$61,"핸드파레트",'예비 및 여유차량'!$J$55:$J$61,"4.5T") -> 0 | Y17: =COUNTIFS('예비 및 여유차량'!$B$55:$B$61,"B",'예비 및 여유차량'!$I$55:$I$61,"핸드리프트",'예비 및 여유차량'!$J$55:$J$61,"4.5T") -> 0 | Z17: =COUNTIFS('예비 및 여유차량'!$B$55:$B$61,"B",'예비 및 여유차량'!$I$55:$I$61,"<>핸드리프트",'예비 및 여유차량'!$I$55:$I$61,"<>핸드파레트",'예비 및 여유차량'!$I$55:$I$61,"<>입식",'예비 및 여유차량'!$I$55:$I$61,"<>좌식",'예비 및 여유차량'!$J$55:$J$61,"4.5T") -> 0
B18: 5.0T | C18: =COUNTIFS('예비 및 여유차량'!$B$5:$B$24,"O",'예비 및 여유차량'!$I$5:$I$24,"좌식",'예비 및 여유차량'!$J$5:$J$24,"5.0T") -> 0 | D18: =COUNTIFS('예비 및 여유차량'!$B$5:$B$24,"B",'예비 및 여유차량'!$I$5:$I$24,"좌식",'예비 및 여유차량'!$J$5:$J$24,"5.0T") -> 0 | E18: =COUNTIFS('예비 및 여유차량'!$B$5:$B$24,"B",'예비 및 여유차량'!$I$5:$I$24,"입식",'예비 및 여유차량'!$J$5:$J$24,"5.0T") -> 0 | F18: =COUNTIFS('예비 및 여유차량'!$B$5:$B$24,"B",'예비 및 여유차량'!$I$5:$I$24,"핸드파레트",'예비 및 여유차량'!$J$5:$J$24,"5.0T") -> 0 | G18: =COUNTIFS('예비 및 여유차량'!$B$5:$B$24,"B",'예비 및 여유차량'!$I$5:$I$24,"핸드리프트",'예비 및 여유차량'!$J$5:$J$24,"5.0T") -> 0 | H18: =COUNTIFS('예비 및 여유차량'!$B$5:$B$24,"B",'예비 및 여유차량'!$I$5:$I$24,"<>핸드리프트",'예비 및 여유차량'!$I$5:$I$24,"<>핸드파레트",'예비 및 여유차량'!$I$5:$I$24,"<>입식",'예비 및 여유차량'!$I$5:$I$24,"<>좌식",'예비 및 여유차량'!$J$5:$J$24,"5.0T") -> 0 | I18: =COUNTIFS('예비 및 여유차량'!B27:B30,"O",'예비 및 여유차량'!$I$27:$I$30,"좌식",'예비 및 여유차량'!$J$27:$J$30,"5.0T") -> 0 | J18: =COUNTIFS('예비 및 여유차량'!B27:B30,"B",'예비 및 여유차량'!$I$27:$I$30,"좌식",'예비 및 여유차량'!$J$27:$J$30,"5.0T") -> 0 | K18: =COUNTIFS('예비 및 여유차량'!B27:B30,"B",'예비 및 여유차량'!$I$27:$I$30,"입식",'예비 및 여유차량'!$J$27:$J$30,"5.0T") -> 0 | L18: =COUNTIFS('예비 및 여유차량'!B27:B30,"B",'예비 및 여유차량'!$I$27:$I$30,"핸드파레트",'예비 및 여유차량'!$J$27:$J$30,"5.0T") -> 0 | M18: =COUNTIFS('예비 및 여유차량'!A27:A30,"B",'예비 및 여유차량'!$I$27:$I$30,"핸드리프트",'예비 및 여유차량'!$J$27:$J$30,"5.0T") -> 0 | N18: =COUNTIFS('예비 및 여유차량'!A35:A38,"B",'예비 및 여유차량'!I35:I38,"<>핸드리프트",'예비 및 여유차량'!I35:I38,"<>핸드파레트",'예비 및 여유차량'!I35:I38,"<>입식",'예비 및 여유차량'!I35:I38,"<>좌식",'예비 및 여유차량'!J35:J38,"5.0T") -> 0 | O18: =COUNTIFS('예비 및 여유차량'!$B$34:$B$44,"O",'예비 및 여유차량'!$I$34:$I$44,"좌식",'예비 및 여유차량'!$J$34:$J$44,"5.0T") -> 1 | P18: =COUNTIFS('예비 및 여유차량'!$B$34:$B$44,"B",'예비 및 여유차량'!$I$34:$I$44,"좌식",'예비 및 여유차량'!$J$34:$J$44,"5.0T") -> 1 | Q18: =COUNTIFS('예비 및 여유차량'!$B$34:$B$44,"B",'예비 및 여유차량'!$I$34:$I$44,"입식",'예비 및 여유차량'!$J$34:$J$44,"5.0T") -> 0 | R18: =COUNTIFS('예비 및 여유차량'!$B$34:$B$44,"B",'예비 및 여유차량'!$I$34:$I$44,"핸드파레트",'예비 및 여유차량'!$J$34:$J$44,"5.0T") -> 0 | S18: =COUNTIFS('예비 및 여유차량'!$B$34:$B$44,"B",'예비 및 여유차량'!$I$34:$I$44,"핸드리프트",'예비 및 여유차량'!$J$34:$J$44,"5.0T") -> 0 | T18: =COUNTIFS('예비 및 여유차량'!$B$34:$B$44,"B",'예비 및 여유차량'!$I$34:$I$44,"<>핸드리프트",'예비 및 여유차량'!$I$34:$I$44,"<>핸드파레트",'예비 및 여유차량'!$I$34:$I$44,"<>입식",'예비 및 여유차량'!$I$34:$I$44,"<>좌식",'예비 및 여유차량'!$J$34:$J$44,"5.0T") -> 0 | U18: =COUNTIFS('예비 및 여유차량'!$B$55:$B$61,"O",'예비 및 여유차량'!$I$55:$I$61,"좌식",'예비 및 여유차량'!$J$55:$J$61,"5.0T") -> 0 | V18: =COUNTIFS('예비 및 여유차량'!$B$55:$B$61,"B",'예비 및 여유차량'!$I$55:$I$61,"좌식",'예비 및 여유차량'!$J$55:$J$61,"5.0T") -> 0 | W18: =COUNTIFS('예비 및 여유차량'!$B$55:$B$61,"B",'예비 및 여유차량'!$I$55:$I$61,"입식",'예비 및 여유차량'!$J$55:$J$61,"5.0T") -> 0 | X18: =COUNTIFS('예비 및 여유차량'!$B$55:$B$61,"B",'예비 및 여유차량'!$I$55:$I$61,"핸드파레트",'예비 및 여유차량'!$J$55:$J$61,"5.0T") -> 0 | Y18: =COUNTIFS('예비 및 여유차량'!$B$55:$B$61,"B",'예비 및 여유차량'!$I$55:$I$61,"핸드리프트",'예비 및 여유차량'!$J$55:$J$61,"5.0T") -> 0 | Z18: =COUNTIFS('예비 및 여유차량'!$B$55:$B$61,"B",'예비 및 여유차량'!$I$55:$I$61,"<>핸드리프트",'예비 및 여유차량'!$I$55:$I$61,"<>핸드파레트",'예비 및 여유차량'!$I$55:$I$61,"<>입식",'예비 및 여유차량'!$I$55:$I$61,"<>좌식",'예비 및 여유차량'!$J$55:$J$61,"5.0T") -> 0
B19: 7.0T | C19: =COUNTIFS('예비 및 여유차량'!$B$5:$B$24,"O",'예비 및 여유차량'!$I$5:$I$24,"좌식",'예비 및 여유차량'!$J$5:$J$24,"7.0T") -> 0 | D19: =COUNTIFS('예비 및 여유차량'!$B$5:$B$24,"B",'예비 및 여유차량'!$I$5:$I$24,"좌식",'예비 및 여유차량'!$J$5:$J$24,"7.0T") -> 0 | E19: =COUNTIFS('예비 및 여유차량'!$B$5:$B$24,"B",'예비 및 여유차량'!$I$5:$I$24,"입식",'예비 및 여유차량'!$J$5:$J$24,"7.0T") -> 0 | F19: =COUNTIFS('예비 및 여유차량'!$B$5:$B$24,"B",'예비 및 여유차량'!$I$5:$I$24,"핸드파레트",'예비 및 여유차량'!$J$5:$J$24,"7.0T") -> 0 | G19: =COUNTIFS('예비 및 여유차량'!$B$5:$B$24,"B",'예비 및 여유차량'!$I$5:$I$24,"핸드리프트",'예비 및 여유차량'!$J$5:$J$24,"7.0T") -> 0 | H19: =COUNTIFS('예비 및 여유차량'!$B$5:$B$24,"B",'예비 및 여유차량'!$I$5:$I$24,"<>핸드리프트",'예비 및 여유차량'!$I$5:$I$24,"<>핸드파레트",'예비 및 여유차량'!$I$5:$I$24,"<>입식",'예비 및 여유차량'!$I$5:$I$24,"<>좌식",'예비 및 여유차량'!$J$5:$J$24,"7.0T") -> 2 | I19: =COUNTIFS('예비 및 여유차량'!B27:B30,"O",'예비 및 여유차량'!$I$27:$I$30,"좌식",'예비 및 여유차량'!$J$27:$J$30,"7.0T") -> 1 | J19: =COUNTIFS('예비 및 여유차량'!B27:B30,"B",'예비 및 여유차량'!$I$27:$I$30,"좌식",'예비 및 여유차량'!$J$27:$J$30,"7.0T") -> 0 | K19: =COUNTIFS('예비 및 여유차량'!B27:B30,"B",'예비 및 여유차량'!$I$27:$I$30,"입식",'예비 및 여유차량'!$J$27:$J$30,"7.0T") -> 0 | L19: =COUNTIFS('예비 및 여유차량'!B27:B30,"B",'예비 및 여유차량'!$I$27:$I$30,"핸드파레트",'예비 및 여유차량'!$J$27:$J$30,"7.0T") -> 0 | M19: =COUNTIFS('예비 및 여유차량'!A27:A30,"B",'예비 및 여유차량'!$I$27:$I$30,"핸드리프트",'예비 및 여유차량'!$J$27:$J$30,"7.0T") -> 0 | N19: =COUNTIFS('예비 및 여유차량'!A37:A39,"B",'예비 및 여유차량'!I37:I39,"<>핸드리프트",'예비 및 여유차량'!I37:I39,"<>핸드파레트",'예비 및 여유차량'!I37:I39,"<>입식",'예비 및 여유차량'!I37:I39,"<>좌식",'예비 및 여유차량'!J37:J39,"7.0T") -> 0 | O19: =COUNTIFS('예비 및 여유차량'!$B$34:$B$44,"O",'예비 및 여유차량'!$I$34:$I$44,"좌식",'예비 및 여유차량'!$J$34:$J$44,"7.0T") -> 0 | P19: =COUNTIFS('예비 및 여유차량'!$B$34:$B$44,"B",'예비 및 여유차량'!$I$34:$I$44,"좌식",'예비 및 여유차량'!$J$34:$J$44,"7.0T") -> 0 | Q19: =COUNTIFS('예비 및 여유차량'!$B$34:$B$44,"B",'예비 및 여유차량'!$I$34:$I$44,"입식",'예비 및 여유차량'!$J$34:$J$44,"7.0T") -> 0 | R19: =COUNTIFS('예비 및 여유차량'!$B$34:$B$44,"B",'예비 및 여유차량'!$I$34:$I$44,"핸드파레트",'예비 및 여유차량'!$J$34:$J$44,"7.0T") -> 0 | S19: =COUNTIFS('예비 및 여유차량'!$B$34:$B$44,"B",'예비 및 여유차량'!$I$34:$I$44,"핸드리프트",'예비 및 여유차량'!$J$34:$J$44,"7.0T") -> 0 | T19: =COUNTIFS('예비 및 여유차량'!$B$34:$B$44,"B",'예비 및 여유차량'!$I$34:$I$44,"<>핸드리프트",'예비 및 여유차량'!$I$34:$I$44,"<>핸드파레트",'예비 및 여유차량'!$I$34:$I$44,"<>입식",'예비 및 여유차량'!$I$34:$I$44,"<>좌식",'예비 및 여유차량'!$J$34:$J$44,"7.0T") -> 1 | U19: =COUNTIFS('예비 및 여유차량'!$B$55:$B$61,"O",'예비 및 여유차량'!$I$55:$I$61,"좌식",'예비 및 여유차량'!$J$55:$J$61,"7.0T") -> 0 | V19: =COUNTIFS('예비 및 여유차량'!$B$55:$B$61,"B",'예비 및 여유차량'!$I$55:$I$61,"좌식",'예비 및 여유차량'!$J$55:$J$61,"7.0T") -> 0 | W19: =COUNTIFS('예비 및 여유차량'!$B$55:$B$61,"B",'예비 및 여유차량'!$I$55:$I$61,"입식",'예비 및 여유차량'!$J$55:$J$61,"7.0T") -> 0 | X19: =COUNTIFS('예비 및 여유차량'!$B$55:$B$61,"B",'예비 및 여유차량'!$I$55:$I$61,"핸드파레트",'예비 및 여유차량'!$J$55:$J$61,"7.0T") -> 0 | Y19: =COUNTIFS('예비 및 여유차량'!$B$55:$B$61,"B",'예비 및 여유차량'!$I$55:$I$61,"핸드리프트",'예비 및 여유차량'!$J$55:$J$61,"7.0T") -> 0 | Z19: =COUNTIFS('예비 및 여유차량'!$B$55:$B$61,"B",'예비 및 여유차량'!$I$55:$I$61,"<>핸드리프트",'예비 및 여유차량'!$I$55:$I$61,"<>핸드파레트",'예비 및 여유차량'!$I$55:$I$61,"<>입식",'예비 및 여유차량'!$I$55:$I$61,"<>좌식",'예비 및 여유차량'!$J$55:$J$61,"7.0T") -> 0
B20: 16T | C20: =COUNTIFS('예비 및 여유차량'!$B$5:$B$24,"O",'예비 및 여유차량'!$I$5:$I$24,"좌식",'예비 및 여유차량'!$J$5:$J$24,"16T") -> 0 | D20: =COUNTIFS('예비 및 여유차량'!$B$5:$B$24,"B",'예비 및 여유차량'!$I$5:$I$24,"좌식",'예비 및 여유차량'!$J$5:$J$24,"16T") -> 0 | E20: =COUNTIFS('예비 및 여유차량'!$B$5:$B$24,"B",'예비 및 여유차량'!$I$5:$I$24,"입식",'예비 및 여유차량'!$J$5:$J$24,"16T") -> 0 | F20: =COUNTIFS('예비 및 여유차량'!$B$5:$B$24,"B",'예비 및 여유차량'!$I$5:$I$24,"핸드파레트",'예비 및 여유차량'!$J$5:$J$24,"16T") -> 0 | G20: =COUNTIFS('예비 및 여유차량'!$B$5:$B$24,"B",'예비 및 여유차량'!$I$5:$I$24,"핸드리프트",'예비 및 여유차량'!$J$5:$J$24,"16T") -> 0 | H20: =COUNTIFS('예비 및 여유차량'!$B$5:$B$24,"B",'예비 및 여유차량'!$I$5:$I$24,"<>핸드리프트",'예비 및 여유차량'!$I$5:$I$24,"<>핸드파레트",'예비 및 여유차량'!$I$5:$I$24,"<>입식",'예비 및 여유차량'!$I$5:$I$24,"<>좌식",'예비 및 여유차량'!$J$5:$J$24,"16T") -> 0 | I20: =COUNTIFS('예비 및 여유차량'!B28:B31,"O",'예비 및 여유차량'!$I$27:$I$30,"좌식",'예비 및 여유차량'!$J$27:$J$30,"16T") -> 0 | J20: =COUNTIFS('예비 및 여유차량'!B28:B31,"B",'예비 및 여유차량'!$I$27:$I$30,"좌식",'예비 및 여유차량'!$J$27:$J$30,"16T") -> 0 | K20: =COUNTIFS('예비 및 여유차량'!B28:B31,"B",'예비 및 여유차량'!$I$27:$I$30,"입식",'예비 및 여유차량'!$J$27:$J$30,"16T") -> 0 | L20: =COUNTIFS('예비 및 여유차량'!B28:B31,"B",'예비 및 여유차량'!$I$27:$I$30,"핸드파레트",'예비 및 여유차량'!$J$27:$J$30,"16T") -> 0 | M20: =COUNTIFS('예비 및 여유차량'!A28:A31,"B",'예비 및 여유차량'!$I$27:$I$30,"핸드리프트",'예비 및 여유차량'!$J$27:$J$30,"16T") -> 0 | N20: =COUNTIFS('예비 및 여유차량'!A37:A40,"B",'예비 및 여유차량'!I37:I40,"<>핸드리프트",'예비 및 여유차량'!I37:I40,"<>핸드파레트",'예비 및 여유차량'!I37:I40,"<>입식",'예비 및 여유차량'!I37:I40,"<>좌식",'예비 및 여유차량'!J37:J40,"16T") -> 0 | O20: =COUNTIFS('예비 및 여유차량'!$B$34:$B$44,"O",'예비 및 여유차량'!$I$34:$I$44,"좌식",'예비 및 여유차량'!$J$34:$J$44,"16T") -> 1 | P20: =COUNTIFS('예비 및 여유차량'!$B$34:$B$44,"B",'예비 및 여유차량'!$I$34:$I$44,"좌식",'예비 및 여유차량'!$J$34:$J$44,"16T") -> 0 | Q20: =COUNTIFS('예비 및 여유차량'!$B$34:$B$44,"B",'예비 및 여유차량'!$I$34:$I$44,"입식",'예비 및 여유차량'!$J$34:$J$44,"16T") -> 0 | R20: =COUNTIFS('예비 및 여유차량'!$B$34:$B$44,"B",'예비 및 여유차량'!$I$34:$I$44,"핸드파레트",'예비 및 여유차량'!$J$34:$J$44,"16T") -> 0 | S20: =COUNTIFS('예비 및 여유차량'!$B$34:$B$44,"B",'예비 및 여유차량'!$I$34:$I$44,"핸드리프트",'예비 및 여유차량'!$J$34:$J$44,"16T") -> 0 | T20: =COUNTIFS('예비 및 여유차량'!$B$34:$B$44,"B",'예비 및 여유차량'!$I$34:$I$44,"<>핸드리프트",'예비 및 여유차량'!$I$34:$I$44,"<>핸드파레트",'예비 및 여유차량'!$I$34:$I$44,"<>입식",'예비 및 여유차량'!$I$34:$I$44,"<>좌식",'예비 및 여유차량'!$J$34:$J$44,"16T") -> 0 | U20: =COUNTIFS('예비 및 여유차량'!$B$55:$B$61,"O",'예비 및 여유차량'!$I$55:$I$61,"좌식",'예비 및 여유차량'!$J$55:$J$61,"16T") -> 0 | V20: =COUNTIFS('예비 및 여유차량'!$B$55:$B$61,"B",'예비 및 여유차량'!$I$55:$I$61,"좌식",'예비 및 여유차량'!$J$55:$J$61,"16T") -> 0 | W20: =COUNTIFS('예비 및 여유차량'!$B$55:$B$61,"B",'예비 및 여유차량'!$I$55:$I$61,"입식",'예비 및 여유차량'!$J$55:$J$61,"16T") -> 0 | X20: =COUNTIFS('예비 및 여유차량'!$B$55:$B$61,"B",'예비 및 여유차량'!$I$55:$I$61,"핸드파레트",'예비 및 여유차량'!$J$55:$J$61,"16T") -> 0 | Y20: =COUNTIFS('예비 및 여유차량'!$B$55:$B$61,"B",'예비 및 여유차량'!$I$55:$I$61,"핸드리프트",'예비 및 여유차량'!$J$55:$J$61,"16T") -> 0 | Z20: =COUNTIFS('예비 및 여유차량'!$B$55:$B$61,"B",'예비 및 여유차량'!$I$55:$I$61,"<>핸드리프트",'예비 및 여유차량'!$I$55:$I$61,"<>핸드파레트",'예비 및 여유차량'!$I$55:$I$61,"<>입식",'예비 및 여유차량'!$I$55:$I$61,"<>좌식",'예비 및 여유차량'!$J$55:$J$61,"16T") -> 0
B21: 합계 | C21: =SUM(C10:C20) -> 8 | D21: =SUM(D10:D20) -> 5 | E21: =SUM(E10:E20) -> 0 | F21: =SUM(F10:F20) -> 1 | G21: =SUM(G10:G20) -> 2 | H21: =SUM(H10:H20) -> 4 | I21: =SUM(I10:I20) -> 2 | J21: =SUM(J10:J20) -> 2 | ... Z21: =SUM(Z10:Z20) -> 0
B24: Ton | C24: Year
C25: 1900 | D25: 1995 | E25: 1998 | F25: 1999 | H25: 2002 | I25: 2003 | J25: 2004 | K25: 2005 | L25: 2008 | N25: 2011 | O25: 2012 | P25: 2013 | Q25: 2014 | R25: 2017 | T25: 2018 | U25: 2019 | V25: 2020 | W25: 2021 | X25: 2022 | Z25: 2023 | AA25: 2024
B26: 1.5T
B27: 1.8T
B28: 2.0T
B29: 2.5T
B30: 3.0T
B31: 3.5T
B32: 4.0T
B33: 4.5T
B34: 5.0T
B35: 7.0T

Sheet 업체별 보유현황
A3: 개수 : 규격 | B3: 열 레이블
A4: 행 레이블 | B4: 1.0T | C4: 1.3T | D4: 1.5T | E4: 1.8T | F4: 16T | G4: 2.0T | H4: 2.5T | I4: 3.0T | J4: 3.2T | K4: 3.3T | L4: 3.5T | M4: 4.0T | N4: 4.5T | O4: 5.0T | P4: 6.0T | Q4: 7.0T | R4: 8.0T | S4: 미정 | T4: 12T | U4: 총합계
A5: (주)대동 | G5: 1 | I5: 3 | L5: 1 | U5: 5
A6: B&BIP | L6: 1 | U6: 1
A7: BAT | H7: 1 | U7: 1
A8: S&TC중공업 | I8: 1 | U8: 1
A9: SNT다이내믹스 | H9: 4 | I9: 1 | U9: 5
A10: ZF삭스 | E10: 7 | G10: 4 | I10: 2 | K10: 3 | M10: 2 | U10: 18
A11: 경남금속 | D11: 4 | H11: 6 | I11: 2 | M11: 1 | U11: 13
A12: 김해건기 | F12: 2 | U12: 2
A13: 대동기어 | E13: 2 | G13: 2 | H13: 1 | I13: 3 | O13: 2 | U13: 10
A14: 대신 마산공장 | B14: 2 | D14: 2 | G14: 1 | H14: 4 | I14: 1 | U14: 10
A15: 대신 창원공장 | D15: 1 | I15: 6 | U15: 7
A16: 대한제강 | F16: 5 | Q16: 2 | U16: 7
A17: 덴소울산공장 | D17: 1 | U17: 1
A18: 두산산업차량 | F18: 1 | Q18: 1 | U18: 2
A19: 디에스아이 | B19: 1 | D19: 2 | E19: 2 | H19: 1 | U19: 6
A20: 디와이파워 | D20: 4 | E20: 4 | H20: 22 | I20: 8 | K20: 1 | L20: 1 | N20: 2 | U20: 42
A21: 디와이파워_신아 | H21: 2 | I21: 1 | U21: 3
A22: 범한_극동 | I22: 1 | U22: 1
A23: 범한_대성테크 | H23: 1 | I23: 1 | U23: 2
A24: 범한_카이치코리아 | I24: 1 | U24: 1
A25: 범한_항성 | H25: 1 | I25: 1 | U25: 2
A26: 베스텍 | D26: 3 | E26: 1 | H26: 1 | I26: 2 | S26: 1 | U26: 8
A27: 볼보 | D27: 4 | H27: 16 | K27: 2 | N27: 5 | O27: 5 | R27: 2 | U27: 34
A28: 볼보_콤퍼넌트 | H28: 1 | U28: 1
A29: 비앤스틸라 | H29: 1 | I29: 2 | K29: 1 | U29: 4
A30: 비엔케미컬 | H30: 1 | U30: 1
A31: 산호수출포장 | E31: 1 | H31: 3 | I31: 1 | L31: 1 | N31: 2 | R31: 1 | U31: 9
A32: 세아제강 | F32: 2 | U32: 2
A33: 세아항공방산소재 | N33: 1 | Q33: 1 | R33: 1 | U33: 3
A34: 셰플러 | C34: 3 | D34: 11 | E34: 4 | G34: 11 | H34: 2 | I34: 9 | K34: 2 | M34: 1 | N34: 5 | P34: 4 | U34: 52
A35: 셰플러 안산 | B35: 1 | H35: 3 | U35: 4
A36: 씨엔엘(세아에샵) | D36: 2 | I36: 4 | K36: 1 | U36: 7
A37: 엘소창원공장(임대) | D37: 1 | U37: 1
A38: 엠코 | B38: 1 | C38: 1 | G38: 2 | H38: 2 | S38: 3 | U38: 9
A39: 오페 | H39: 4 | I39: 4 | U39: 8
A40: 우림기계 | S40: 2 | U40: 2
A41: 이래CS | E41: 3 | H41: 4 | I41: 1 | U41: 8
A42: 이래CS 2공장 | E42: 1 | H42: 3 | I42: 2 | U42: 6
A43: 일본통운 | H43: 3 | U43: 3
A44: 정비사업부 | D44: 3 | E44: 3 | G44: 2 | H44: 12 | I44: 2 | L44: 1 | N44: 2 | O44: 1 | Q44: 1 | U44: 27
A45: 진양 | D45: 1 | H45: 4 | I45: 1 | U45: 6
A46: 창원엘소 | E46: 1 | G46: 1 | J46: 1 | U46: 3
A47: 코렌스 | I47: 1 | U47: 1
A48: 태성이엔지 | H48: 9 | U48: 9
A49: 포엠플러스 | H49: 1 | U49: 1
A50: 플라스틱옴니엄 | B50: 1 | H50: 7 | U50: 8
A51: 한양S&C | I51: 1 | U51: 1
A52: 범한_대한테크 | H52: 1 | U52: 1
A53: 볼보_시작실 | I53: 1 | O53: 1 | T53: 1 | U53: 3
A54: 총합계 | B54: 6 | C54: 4 | D54: 39 | E54: 29 | F54: 10 | G54: 24 | H54: 121 | I54: 63 | J54: 1 | K54: 10 | L54: 5 | M54: 4 | N54: 17 | O54: 9 | P54: 4 | Q54: 5 | R54: 4 | S54: 6 | T54: 1 | U54: 362
